-- MySQL dump 10.13  Distrib 5.7.17, for Win64 (x86_64)
--
-- Host: localhost    Database: wh_jewels
-- ------------------------------------------------------
-- Server version	5.7.17-log

/*!40101 SET @OLD_CHARACTER_SET_CLIENT=@@CHARACTER_SET_CLIENT */;
/*!40101 SET @OLD_CHARACTER_SET_RESULTS=@@CHARACTER_SET_RESULTS */;
/*!40101 SET @OLD_COLLATION_CONNECTION=@@COLLATION_CONNECTION */;
/*!40101 SET NAMES utf8 */;
/*!40103 SET @OLD_TIME_ZONE=@@TIME_ZONE */;
/*!40103 SET TIME_ZONE='+00:00' */;
/*!40014 SET @OLD_UNIQUE_CHECKS=@@UNIQUE_CHECKS, UNIQUE_CHECKS=0 */;
/*!40014 SET @OLD_FOREIGN_KEY_CHECKS=@@FOREIGN_KEY_CHECKS, FOREIGN_KEY_CHECKS=0 */;
/*!40101 SET @OLD_SQL_MODE=@@SQL_MODE, SQL_MODE='NO_AUTO_VALUE_ON_ZERO' */;
/*!40111 SET @OLD_SQL_NOTES=@@SQL_NOTES, SQL_NOTES=0 */;

--
-- Current Database: `wh_jewels`
--

CREATE DATABASE /*!32312 IF NOT EXISTS*/ `wh_jewels` /*!40100 DEFAULT CHARACTER SET utf8 */;

USE `wh_jewels`;

--
-- Table structure for table `entity`
--

DROP TABLE IF EXISTS `entity`;
/*!40101 SET @saved_cs_client     = @@character_set_client */;
/*!40101 SET character_set_client = utf8 */;
CREATE TABLE `entity` (
  `ID` int(11) NOT NULL AUTO_INCREMENT,
  `Name` varchar(120) NOT NULL,
  `Address` varchar(225) NOT NULL,
  `Phone` varchar(120) NOT NULL,
  `Birthdate` datetime NOT NULL,
  `Username` varchar(120) NOT NULL,
  `Password` varchar(45) NOT NULL,
  `Level` int(11) NOT NULL,
  `Type` int(11) NOT NULL,
  `Mark` int(11) NOT NULL,
  PRIMARY KEY (`ID`)
) ENGINE=InnoDB AUTO_INCREMENT=254 DEFAULT CHARSET=latin1;
/*!40101 SET character_set_client = @saved_cs_client */;

--
-- Dumping data for table `entity`
--

LOCK TABLES `entity` WRITE;
/*!40000 ALTER TABLE `entity` DISABLE KEYS */;
INSERT INTO `entity` VALUES (2,'Anonymous Client','Metro Manila','No Phone Available','2016-11-03 00:00:00','','',1,4,1),(3,'Wylette Erese','26 Lincoln St., Greenhills West, San Juan','09330263348','1991-09-24 00:00:00','wylette','whjewels',1,1,1),(4,'Aileen Uy','26 Lincoln St., Greenhills West, San Juan','0999999999','2016-11-04 00:00:00','aiyu','a1c69bb7030336e1b747005808465322',1,1,1),(100,'WH Jewels','26 Lincoln St., Greenhills West, San Juan','+639330263348 +639175344834 +639178386638','2016-10-28 00:00:00','@whjewels888','',1,2,1),(200,'Supplier','','','2016-10-28 00:00:00','','',1,3,1),(205,'Heart Escudero','','09177069252','0000-00-00 00:00:00','','',1,4,1),(206,'NANCY CUA','','09175412676','0000-00-00 00:00:00','','',1,4,1),(207,'JOY TAN','','09178823456','0000-00-00 00:00:00','','',1,4,1),(208,'PATCH SINGSON','','09175681111','0000-00-00 00:00:00','','',1,4,1),(209,'VENUS NGU','','09188567888','0000-00-00 00:00:00','','',1,4,1),(210,'MICHELLE NACAGUE CHUA','','09175339888','0000-00-00 00:00:00','','',1,4,1),(211,'TESSA SANTOS','','09178588187','0000-00-00 00:00:00','','',1,4,1),(212,'CAROL CO','','09175215920','0000-00-00 00:00:00','','',1,4,1),(213,'LOURDES YAO','','09175281010','0000-00-00 00:00:00','','',1,4,1),(214,'MICHELLE CHIANG','','09178730123','0000-00-00 00:00:00','','',1,4,1),(215,'SMALL LAUDE','','09178484488','0000-00-00 00:00:00','','',1,4,1),(216,'PATRICIA CO','','09175342813','0000-00-00 00:00:00','','',1,4,1),(217,'VIVIAN TANCHIP','','09178128528','0000-00-00 00:00:00','','',1,4,1),(218,'CHERYLYN UY','','09175908888','0000-00-00 00:00:00','','',1,4,1),(219,'JACKIE CHUA','','09178555812','0000-00-00 00:00:00','','',1,4,1),(220,'MARGA NOGRALES','','09176227713','0000-00-00 00:00:00','','',1,4,1),(221,'BELLE KING','','09178915678','0000-00-00 00:00:00','','',1,4,1),(222,'MICHELLE NGU','','09175308284','0000-00-00 00:00:00','','',1,4,1),(223,'GRACE PUA','','09178515341','0000-00-00 00:00:00','','',1,4,1),(224,'BEATRICE YOUNG','','09178008198','0000-00-00 00:00:00','','',1,4,1),(225,'GRACE PUA','','NA','0000-00-00 00:00:00','','',1,4,1),(226,'CHARMAGNE CASTRO','','09189202120','0000-00-00 00:00:00','','',1,4,1),(227,'LYNET NG','','0000','0000-00-00 00:00:00','','',1,4,1),(228,'JEANNIE UY','','000','0000-00-00 00:00:00','','',1,4,1),(229,'MIDY NACAGUE','','09178595900','0000-00-00 00:00:00','','',1,4,1),(230,'SHEIRA','','LIM','0000-00-00 00:00:00','','',1,4,1),(231,'MARY NG','','000','0000-00-00 00:00:00','','',1,4,1),(232,'EM AGLIPAY VILLAR','','000','0000-00-00 00:00:00','','',1,4,1),(233,'WEN VELASCO','','09178964018','0000-00-00 00:00:00','','',1,4,1),(234,'INA ANTONIO','','09178467077','0000-00-00 00:00:00','','',1,4,1),(235,'ROWENA CHUA GO','','09178285128','0000-00-00 00:00:00','','',1,4,1),(236,'WINNIE GO','','09178314577','0000-00-00 00:00:00','','',1,4,1),(237,'WILLIN CHAN','','09178900633','0000-00-00 00:00:00','','',1,4,1),(238,'ANNE TORRES','','000','0000-00-00 00:00:00','','',1,4,1),(239,'Jason Castro','','000','0000-00-00 00:00:00','','',1,4,1),(240,'Yanee Alvarez','','000','0000-00-00 00:00:00','','',1,4,1),(241,'Winchelle Uy','','000','0000-00-00 00:00:00','','',1,4,1),(242,'ANGELA LANETE','','000','0000-00-00 00:00:00','','',1,4,1),(243,'SHEIRA LIM','','000','0000-00-00 00:00:00','','',1,4,1),(244,'GILDA SALONGA','','000','0000-00-00 00:00:00','','',1,4,1),(245,'MICHELLE CO','','000','0000-00-00 00:00:00','','',1,4,1),(246,'ELISA LAUDE','','09178122233','0000-00-00 00:00:00','','',1,4,1),(247,'JOYCE CO','','09178120105','0000-00-00 00:00:00','','',1,4,1),(248,'ANNA ONG','','000','0000-00-00 00:00:00','','',1,4,1),(249,'WEN VELASCO','','000','0000-00-00 00:00:00','','',1,4,1),(250,'CRISTINA LIMSIN','','000','0000-00-00 00:00:00','','',1,4,1),(251,'GRACE ANG','','09175334552','0000-00-00 00:00:00','','',1,4,1),(252,'JANET GARCIA','','09228476352','0000-00-00 00:00:00','','',1,4,1),(253,'SUPERADMIN','PH','(+63) 0000 000 0000','0000-00-00 00:00:00','superadmin','2f6a0483b7dd26a9dc39537a13f92c92',1,2,1);
/*!40000 ALTER TABLE `entity` ENABLE KEYS */;
UNLOCK TABLES;

--
-- Table structure for table `inventory`
--

DROP TABLE IF EXISTS `inventory`;
/*!40101 SET @saved_cs_client     = @@character_set_client */;
/*!40101 SET character_set_client = utf8 */;
CREATE TABLE `inventory` (
  `ID` int(11) NOT NULL AUTO_INCREMENT,
  `Name` varchar(120) NOT NULL,
  `Category` varchar(120) NOT NULL,
  `Subcategory` varchar(120) NOT NULL,
  `Description` varchar(500) NOT NULL,
  `Weight` decimal(10,2) NOT NULL,
  `Buy` decimal(10,2) NOT NULL,
  `Sell` decimal(10,2) NOT NULL,
  `Mark` int(11) NOT NULL,
  PRIMARY KEY (`ID`)
) ENGINE=InnoDB AUTO_INCREMENT=745 DEFAULT CHARSET=latin1;
/*!40101 SET character_set_client = @saved_cs_client */;

--
-- Dumping data for table `inventory`
--

LOCK TABLES `inventory` WRITE;
/*!40000 ALTER TABLE `inventory` DISABLE KEYS */;
INSERT INTO `inventory` VALUES (30,'BG6719D025','BANG','','',0.00,0.00,0.00,-1),(31,'BG6719D025','BANGLE','','DD-204-2.46CT #17 ROSE SSBAS 40.43g',40.43,4040.00,0.00,2),(32,'BG6719D026','BANGLE','','DD-204-2.46CT #17 YELLOW SSBAS 40.80g',40.80,4040.00,0.00,2),(33,'BG67546D002','BANGLE','','DD-216-3.42CT #17 K RFBSF 39.40g',39.40,4749.00,0.00,2),(34,'BG671D022','BANGLE','','DD-204-2.27CT #17 ROSE SSBGF 42.82g',42.82,4011.00,0.00,2),(35,'BG6719D024','BANGLE','','DD-204-2.25CT #17 YELLOW SESAF 40.35g',40.35,4040.00,0.00,2),(36,'BG6661D029','BANGLE','','DD586-4.84CT #20 TTBREB 112.81g',112.81,10651.00,0.00,2),(37,'BG7546D001','BANGLE','','DD216-2.98CT #15 K SBAEO 36.44g',36.44,4378.00,0.00,2),(38,'BG6661D030','BANGLE','','DD592-4.90CT #19 K TTEPPB 107.68g',107.68,10242.00,0.00,2),(39,'BG5396A055','BANGLE','','TD37-1.04CT RED DD218-1.04CT FASOB 13.86g',13.86,2629.00,0.00,2),(40,'RG7456A002','RING','','TD18-0.44CT TD28-0.51CT DD20-0.21CT DD74-0.3CT TGFPO 6.98g',6.98,1466.00,0.00,2),(41,'RG4923A020','RING','','DD1-0.29CT DD6-1.11CT DD14-1.14CT DD198-3.89CT GSTGO 11.19g',11.19,5783.00,0.00,2),(42,'ER7553A001','EARRING','','DD6-0.60CT DD80-1.45CT DD62-0.27CT FFRTF 7.05g',7.05,2023.00,0.00,2),(43,'ER6823A019','EARRING','','TD34-1.50CT -K DD32-0.49CT DD120-0.54 FAPOG 6.84g',6.84,2466.00,0.00,2),(44,'ER7358A003','EARRING','','TD192-2.92CT DD32-0.75CT DD128-0.46CT EGABO',10.11,3239.00,0.00,2),(45,'ER6149A007','EARRING','','TD24-0.87CT DD128-2.84CT DD8-0.05CT EEFBG 9.49g',9.49,2933.00,0.00,2),(46,'ER6839A010','EARRING','','TD156-3.39CT DD56-0.61CT DD48-0.38CT EAAPS 11.49g',11.49,3328.00,0.00,2),(47,'ER7326A006','EARRING','','TD168-2.36CT DD270-1.30CT EEEFG 12.55g',12.55,2936.00,0.00,2),(48,'ER5875A002 ','EARRING','','TD168-2.36CT DD270-1.30CT EEEFG 12.55g',23.12,6134.00,0.00,2),(49,'BL7322A001','BRACELET','','TD132-2.56CT DD242-7.09CT DD572-2.63CT',31.54,9579.00,0.00,-1),(50,'BL7322A001','BRACELET','','TD132-2.56CT DD242-7.09CT DD572-2.63CT TOBAPF 31.54g',31.54,9579.00,0.00,2),(51,'RG6177A007','RING','','TD132-2.56CT DD242-7.09CT DD572-2.63CT TOBAPF 31.54g',7.00,9579.00,0.00,-1),(52,'RG6177A007','RING','','TD132-2.56CT DD242-7.09CT DD572-2.63CT TOBAPF 31.54g',7.00,9579.00,0.00,2),(53,'RG7329A006','RING','','TD8-0.25CT DD13-0.30CT DD154-0.81CT TSBBS 5.73g',5.73,1383.00,0.00,2),(54,'RG7501A003','RING','','DD4-0.33CT DD66-2.23CT DD136-0.60CT EFTSS 11.89g',11.89,2832.00,0.00,2),(55,'RG7287A002','RING','','DD85-2.64CT DD369-1.53CT SORGG 13.25g',13.25,3574.00,0.00,2),(56,'RG7488A001','RING','','DD1-0/09CT DD46-1.28CT DD103-0.45CT TPSTF 7.63g',7.63,1711.00,0.00,2),(57,'RG6627A008','RING','','TD16-0.47CT DD6-1.05CT DD4-0.50CT DD177-1.92CT SFAAF 12.12g',12.12,3767.00,0.00,2),(58,'PD4412A002','PENDANT','','DD134-4.57CT DD228-1.16CT SPPAG 11.42g',11.42,4250.00,0.00,2),(59,'TM7492A001','EARRING','','DD80-4.94CT DD80-4.94CT SBBAG 12.88g',12.88,4303.00,0.00,2),(60,'TM7463A001','RING','','1-10.35CT DD18-1.02CT DD112-2.00CT TBBRG 6.67g',6.67,1661.00,0.00,2),(61,'TM7505A001','EARRING','','DD8-0.05CT DD12-0.31CT SSFF 10.64g',10.64,391.00,0.00,2),(62,'TM7505A001','EARRING','','DD8-0.05CT DD12-0.31CT SSFF 10.64g',10.64,391.00,0.00,-1),(63,'TM7528A001','EARRING','','2-4.68CT DD234-2.96CT DD180-0.94CT EBOPS 11.80g',11.80,3356.00,0.00,2),(64,'BL7524A001','BRACELET','','DD544-13.74CT -7INCH  TSRGGS 75.70g',75.70,12559.00,0.00,2),(65,'ER7121D002','EARRING','','DD158-5.32G -K RED RFSRB 22.25g',22.25,4670.00,0.00,2),(66,'NL7529D001','NECKLACE','','EFGTS 32.66g',32.66,2081.00,0.00,2),(67,'NL7020D005','NECKLACE','','DD196-3.07CT K RED SBEFB 29.78g',29.78,4256.00,0.00,2),(68,'NL7214D002','NECKLACE','','DD60-2.72CT EEABB 17.38g',17.38,2984.00,0.00,2),(69,'BG7283A005','BANGLE','','TD14-0.52CT DD269-5.66CT DD85-0.45CT PBAAG 75.51g',75.51,8698.00,0.00,2),(70,'BG7512A001','BANGLE','','DD318-8.88CT DD647-3.55CT TFFPPO 35.27g',35.27,10829.00,0.00,2),(71,'RG7021D006','RING','','DD128-3.79CT -K #14 SORAS 12.42g',12.42,3751.00,0.00,2),(72,'ER7498A003','EARRING','','DD262-6.25CT -K DD492-2.54CT BORBG 20.93g',20.93,7097.00,0.00,2),(73,'BG6716D003','BANGLE','','DD302-2.75CT #16 -K SOPTO 31.85g',31.85,3675.00,0.00,2),(74,'BG7181A006','BANGLE','','TD204-4.78CT DD118-2.75CT DD652-4.29CT TFEBOB 56.08g',56.08,10905.00,0.00,2),(75,'BG6719D017','BANGLE','','DD204-2.35CT #15 ROSE SEPEG 39.98g',39.98,3871.00,0.00,2),(76,'NL7018D002','NECKLACE','','DD485-2.10CT EPBBO 29.04g',29.04,3514.00,0.00,2),(77,'BG6855D004','BANGLE','','DD81-1.07CT -K -17 ERGES 41.47g',41.47,3242.00,0.00,2),(78,'BG7271D003','BANGLE','','DD125-3.59CT -K #17 RPPBS 45.16g',45.16,5370.00,0.00,2),(79,'BG6954D016','BANGLE','','DD10-0.82CT -K -18.5 FPRGS 33.59g',33.59,6595.00,0.00,2),(80,'BG7073D002','BANGLE','','DD626-3.99CT #17 -K AERTF 58.00g',58.00,6595.00,0.00,2),(81,'NL7367D003','NECKLACE','','DD276-2.83CT -K GPTGB 65.15g',65.15,6090.00,0.00,2),(82,'RG7456A002','RING','','TD18-0.44CT TD28-0.51CT DD20-0.21CT DD74-0.38CT TGFPO 6.98g',6.98,1466.00,0.00,2),(83,'RG4923A020','RING','','DD1-0.29CT DD6-1.11CT DD14-1.14CT DD198-3.89CT GSTGO 11.19g',11.19,5783.00,0.00,2),(84,'ER7553A001','EARRING','','DD6-0.60CT DD80-1.45CT DD62-0.27 FFRTF 7.05g',7.05,2023.00,0.00,2),(85,'BL7030A003','BRACELET','','TD75-6.08CT DD60-1.80CT BTBBB 14.35g',14.35,7487.00,0.00,2),(86,'BG7148A006','BANGLE','','TD42-1.72CT -K DD12-0.16CT DD188-1.00CT STBBF 14.78g',14.78,3763.00,0.00,2),(87,'ER7386B001','EARRING','','DD186-9.17CT DD284-2.01CT TOFFSS 20.29g',20.29,9188.00,0.00,2),(88,'RG7086A003','RING','','DD92-1.01CT #8 TETAG 9.18g',9.18,1186.00,0.00,2),(89,'RG7537A001','RING','','TD5-0.17CT -K DD78-1.17CT TRGTF 5.52g',5.52,1405.00,0.00,2),(90,'NL7530B003','NECKLACE','','RC40-3.41CT -31 DD175-9.26CT DD8-0.20CT TSSEGG 66.99g',66.99,13048.00,0.00,2),(91,'NL7234A002','NECKLACE','','TD190-4.34CT DD418-5.91CT TOOAAB 31.25g',31.25,9052.00,0.00,2),(92,'BG6719D018','BANGLE','','DD204-2.40CT #16 YELLOW SSPEG 41.95g',41.59,3959.00,0.00,-1),(93,'BG6719D019','BANGLE','','DD204-2.42CT #16 ROSE SSSTB 41.93g',41.93,3959.00,0.00,2),(94,'BG6719D018','BANGLE','','DD204-2.40CT #16 YELLOW SSPEG 41.59g',41.59,3959.00,0.00,2),(95,'BG6719D020','BANGLE','','DD204-2.39CT #16 WHITE SSSTB 39.67g',39.67,3959.00,0.00,2),(96,'A-GM-RDF22505','RING','','RING W/ DIAMOND 124RD 1.21CT 18KR 7.52GM',7.52,1197.00,0.00,1),(97,'A-GM-RDF22506','RING','','RING W/ DIAMOND 78RD 1.06CT 18KW 7.35GM',7.35,1064.00,0.00,1),(98,'A-GM-RDF20217','RING','','RING W/ DIAMOND 42RD 0.22CT 24RD 2.07CT 18KR 4.00GM 18KW 2.00GM',6.00,2375.00,0.00,1),(99,'A-GM-RDF17513','RING','','RING W/ DIAMOND 7RD 0.88CT 150RD 2.85CT 18KW 7.67GM',7.67,3287.00,0.00,1),(100,'A-GM-RDF20223-YD','RING','','RING W/ DIAMOND 37RD 1.44CT 1 OFYD 4.19CT 18KW 6.09GM 18KY 1.64GM',7.73,20577.00,0.00,1),(101,'A-GM-PDF14776','PENDANT','','PENDANT W/ DIAMOND 1RD 0.27CT 3MD 0.28CT 565RD 6.74CT 18KR 18.93GM 18KW 5.02GM',23.95,6755.00,0.00,2),(102,'A-GM-UP00697','PENDANT','','PENDANT W/ DIAMOND 280RD 2.35CT 52 SCD 1.68CT 18KR 9.66GM 18KW 3.08GM',12.74,4408.00,0.00,2),(103,'A-GM-PDF14741A','PENDANT','','PENDANT W/ DIAMOND 5SCD 0.65CT 1RD 0.23CT 59SCD 3.17CT 18KW 3.69GM',3.69,5092.00,0.00,1),(104,'A-GM-EDF11639','EARRING','','EARRINGS W/ DIAMOND 5SCD 0.65CT 2RD 0.40CT 123SCD 6.95CT 18KW 9.06GM',9.06,9947.00,0.00,1),(105,'A-GM-EDF10636-300','EARRING','','EARRINGS W/ DIAMOND2RD 1.01CT 62RD 1.82CT 18KW 6.46GM',6.46,5092.00,0.00,1),(106,'A-GM-EDF11449','EARRING','','EARRINGS W/ DIAMOND 28RD 3.55CT 168RD 3.94CT 18KR 8.18GM 18KW 4.60GM UNOYR-KW-COY',12.78,6536.00,430000.00,3),(107,'A-GM-UG00469','BANGLE','','BANGLE W/ DIAMOND 163PD 3.73CT 150RD 3.27CT 18KW 27.08GM',27.08,6460.00,0.00,1),(108,'A-GM-BDF7426','BRACELET','','BRACELET W/ DIAMOND 31RD 2.30CT 248SCD 2.50CT 18KW 12.09GM',12.09,5130.00,0.00,1),(109,'A-KV-RYD05294','RING','','18KYR RING W/ YELLOW DIAMOND Y8-2.08 (RD)62-0.01 RD44-2.80 18KYR 9.05G (TW:10.03G',10.03,5904.00,0.00,-1),(110,'A-KV-RYD05294','RING','','18KYR RING W/ YELLOW DIAMOND Y8-2.08 (RD)62-0.01 RD44-2.80 18KYR 9.05G (TW:10.03G)KV32800',10.03,5904.00,0.00,2),(111,'A-KV-RDD03694','RING','','18KYR RING W/ DIAMOND MD4-1.24 PD4-0.56 MD8-0.77 RD40-0.21 18KW 8.13G (TW:8.69G)(1) KV27500',8.69,4950.00,0.00,2),(112,'A-KV-RYD05294','RING','','18KYR RING W/ YELLOW DIAMOND Y8-2.08 (RD)62-0.01 RD44-2.80 18KYR 9.05G (TW:10.03G)KV32800',10.03,5904.00,0.00,1),(113,'A-KV-RDD03694','RING','','18KYR RING W/ DIAMOND MD4-1.24 PD4-0.56 MD8-0.77 RD40-0.21 18KW 8.13G (TW:8.69G)(1) KV27500',8.69,4950.00,0.00,1),(114,'A-KV-PYD03019','PENDANT','','18KYW PENDANT W/YELLOW DIAMOND Y4-1.54 (RD)G1-0.01 RD36-3.07 RD36-0.25(TW:6.79G) 18KYW 5.82G(3) KV31400',12.61,5652.00,0.00,1),(115,'A-KV-BEM00645','BRACELET','','18KW BRACELET W/EMERALD E6-5.92 RD207-3.46 RD207-2.25 BD40-1.01 18KW 16.03 20.5CM KV86800',16.03,15624.00,0.00,1),(116,'A-TK-RN0513886','RING','','DIAMOND RING D92-1.44CT4.91G 18KWY',4.91,1063.00,0.00,2),(117,'A-TK-RN0497154','RING','','GEM RUBY DIAMOND RING MN1-12.42CT R201-4.74CT D33-0.39CT 7.39G 18KRB',7.39,1337.00,0.00,2),(118,'A-TK-BG0117072','BANGLE','','DIAMOND BANGLE RCD1-0.29CT D233-7.62CT A2.48G 18KY',42.48,4889.00,0.00,2),(119,'A-TK-BG0118707','BANGLE','','DIAMOND BANGLE D35-1.28CT D100-1.89CT 19.74G 19.74G 18KW P:BG09',19.74,2796.00,0.00,2),(120,'A-VC-ER1307PPA1','EARRING','','2.03CT 23.68CT',16.54,3000.00,0.00,-1),(121,'A-VC-ER1307PPA1','EARRING','','2.03CT 23.68CT 16.54G',16.54,3000.00,0.00,1),(122,'A-VC-ER1310WBT1','EARRING','','1.51CT 16.37CT 12.12G',12.12,2450.00,0.00,1),(123,'A-VC-MB0007CDI1','BRACELET','','3.71CT 22.38G',22.38,4300.00,0.00,1),(124,'A-VC-ER1586WDI1','EARRING','','5.29CT 14.84G',14.84,5200.00,0.00,1),(125,'A-VC-BR0469WDI1','BRACELET','','9.78CT 22.71G',22.71,10700.00,0.00,1),(126,'A-VC-RG2485WDI1','RING','','1.42CT 8.08G',8.08,1600.00,0.00,1),(127,'A-VC-BR0468WRU1','BRACELET','','1.43CT 0.07CT 10',10.08,2200.00,0.00,-1),(128,'A-VC-BR0468WRU1','BRACELET','','1.43CT 0.07CT 10.08G',10.08,2200.00,0.00,1),(129,'A-VC-NK0505CDI1','NECKLACE','','1.73CT 19.34G',19.34,2600.00,0.00,1),(130,'A-VC-RG2938WDI1','RING','','1.95CT 6.13G',6.13,2000.00,0.00,1),(131,'A-VC-NK0462WDI1','NECKLACE','','14.93CT 75.63G',75.63,17000.00,0.00,1),(132,'A-VC-BR012WDI1','BRACELET','','7.89CT 24.09G',24.09,7500.00,0.00,1),(133,'A-VC-ER1636PDI1','EARRING','','2.08CT 10.50G',10.50,2300.00,0.00,1),(134,'A-VC-RG2634WDI1','RING','','5.64CT 15.83G',15.83,5950.00,0.00,1),(135,'A-VC-RG2616CDI1','RING','','3.17CT 10.49G',10.49,2900.00,0.00,1),(136,'A-VC-RG2539WDI1','RING','','2.06CT 11.92G',11.92,2300.00,0.00,1),(137,'A-VC-RG2473WDI1','RING','','2.75CT 10.06G',10.06,3200.00,0.00,1),(138,'A-VC-ER0959PDI1','EARRING','','4.60CT 11.21G',11.21,4500.00,0.00,1),(139,'A-VC-ER1901PDI1','EARRING','','3.24CT 12.18G',12.18,3580.00,0.00,1),(140,'A-VC-BG0480WDI1','BANGLE','','5.12CT 37.79G',37.79,5950.00,0.00,1),(141,'A-VC-BG0470WDI1','BANGLE','','2.20CT 14.',14.37,2500.00,0.00,-1),(142,'A-VC-BG0470WDI1','BANGLE','','2.20CT 14.37G',14.37,2500.00,0.00,1),(143,'A-VC-ER1902WDI1','EARRING','','7.08CT 19.66G',19.66,7300.00,0.00,1),(144,'A-VC-ER1434WDI1','EARRING','','3.95CT 13.41G',13.41,4000.00,0.00,1),(145,'A-VC-BR0533PDI1','BRACELET','','1.18CT 6.81',6.81,1300.00,0.00,1),(146,'A-VC-BR0543PDI1','BRACELET','','0.58CT 4.40G',4.40,750.00,0.00,1),(147,'A-VC-RG2950YDI1','RING','','1.21CT 11.19G',11.19,1700.00,0.00,1),(148,'A-VC-BR0549PRU1','BRACELET','','1.31CT 0.08CT 10.52G',10.52,1800.00,0.00,1),(149,'A-VC-BG0510PDI1','BANGLE','','1.87CT 40.16G',40.16,4000.00,0.00,1),(150,'A-VC-BG0511PDI1','BANGLE','','2.93CT 56.65G',56.65,5700.00,0.00,1),(151,'A-VC-BG0511WDI1','BANGLE','','2.94CT 55.82G',55.82,5700.00,0.00,1),(152,'A-VC-RG3069PDI1','RING','','1.25CT 10.84G',10.84,1700.00,0.00,1),(153,'A-VC-RG3069WDI1','RING','','1.18CT 10.49G',10.49,1700.00,0.00,1),(154,'A-SJL-DR10102R','RING','','18K WHITE GOLD DIA. RING 18W 6.72GM 51BGD 1.61CT 54RDD 3.15CT US#6.5',6.72,3880.00,0.00,2),(155,'A-SJL-DR10473R','RING','','18K WHITE GOLD DIA RING 18W 15.75GM 358 RDD 4.01CT US#6.75',15.78,4030.00,0.00,-1),(156,'A-SJL-DR10472R','RING','','18K WHITE GOLD DIA RING 18W 15.78GM 358 RDD 4.01CT US#6.75',15.78,4030.00,0.00,2),(157,'A-SJL-DR10473R','RING','','18K WHITE/ROSE GOLD DIA RING 18W/R 10.57GM 294 RDD 3.61CT US#6.5',10.57,3090.00,0.00,2),(158,'A-SJL-PR11345R','RING','','18K ROSE GOLD PEAL & DIA RING 18R 8.41GM 43RDD 0.92CT 1RDD 0.10CT 1RDD 0.15CT 4PL 3.95CT US#6.5',8.41,1460.00,0.00,2),(159,'A-SJL-DE10658R','RING','','18K WHITE/YELLOW/ROSE GOLD DIA EARRING 18WYR 17.87GM 348 RDD 2.53CT 42RDD 3.35CT ',17.87,6120.00,0.00,-1),(160,'A-SJL-DE10658R','EARRING','','18K WHITE/YELLOW/ROSE GOLD DIA EARRING 18WYR 17.87GM 348 RDD 2.53CT 42RDD 3.35CT',17.87,6120.00,0.00,2),(161,'A-SJL-YE10491R','EARRING','','18K WHITE/YELLOW GOLD YELLOW&WHITE DIA EARRING 18W/Y 4.76GM 10FYD 2.55CT 59RDD 0.23CT 8YRD 0.13CT',4.76,3540.00,0.00,2),(162,'A-SJL-YB10067R','BRACELET','','18K WHITE/YELLOW GOLD YELLOW&WHITE DIA BRACELET 18W/Y 22.05GM 354RDD 2.56CT 70YRD 1.05CT 56YRD 5.78CT 7\"',22.05,8040.00,0.00,2),(163,'A-SJL-CB10123B','BRACELET','','18K ROSE GOLD BROWN DIA BRACELET 18R 9.74GM 70 CRD 0.56CT 7\"',9.74,1020.00,0.00,2),(164,'A-SJL-BB10123B','BRACELET','','18K WHITE GOLD BLACK DIA BRACELET 18W 10.01GM 70BRD 0.74CT 7\"',10.01,970.00,0.00,2),(165,'A-SJL-DN10064R','NECKLACE','','18K WHITE GOLD DIA NECKLACE 18W 29.27GM 258RDD 2.84CT 1RDD 0.08CT ',29.27,4280.00,0.00,2),(166,'A-SJL-PN10127A','NECKLACE','','18K WHITE/ROSE GOLD PINK & WHITE DIA NECKLACE 18W/R 3.05GM 20DRP 0.20CT 6RDD 0.04CT 4RDD 0.40CT 16\"',3.05,890.00,0.00,2),(167,'SAMPLE','Sample','','This is a sample.',100.00,1000.00,0.00,-1),(168,'SAMPLE2','Sample','','This is another sample.',120.00,1200.00,0.00,-1),(169,'SAMPLE002','Samples','','This is a sample.',135.00,2000.00,0.00,-1),(170,'A-GF-B736FG3115','BANGLE','','18K YELLOW STONE',0.00,780.00,0.00,1),(171,'A-GF-B736FG3114','BANGLE','','18K RED STONE',0.00,780.00,0.00,1),(172,'A-GF-B7361','BANGLE','','18K BLUE STONE',0.00,780.00,0.00,1),(173,'A-GF-B7362','BANGLE','','18K GREEN STONE',0.00,780.00,0.00,1),(174,'A-GF-R4447FR8068','RING','','18K DIA/G.S RING',0.00,670.00,0.00,1),(175,'A-GF-R4447FR8081','RING','','18K DIA/Y.S. RING',0.00,670.00,0.00,1),(176,'A-GF-R4447FR8070','RING','','18K DIA/R.S RING',0.00,670.00,0.00,1),(177,'A-GF-R4447FR8073','RING','','18K DIA/BLUE S. RING',0.00,670.00,0.00,1),(178,'A-GF-0857-659243','WATCH','','18K FEMALE P-DIA WATCH',0.00,39000.00,0.00,1),(179,'A-WC-GER81','EARRING','','18KT GOLD & DIAMOND EARRING GER 81 GW-18.82GM 18K -16.19GM BSAPP-12/9.62CT BUG DIA 32/1.87CT RND DIA -86/1.64CT',18.82,3800.00,0.00,1),(180,'SAMPLES','SAMPLES2','','SAMPLEITOS',100.00,1000.00,0.00,2),(181,'A-SY-BG7283A008','BANGLE','','TD12-0.39CT DD262-5.81CT DD85-0.44CT PRRSG 73.55g',73.55,8492.00,0.00,2),(182,'A-SY-BG7615A001','BANGLE','','DD453-12.23CT DD235-0.90CT -K TFPPGS 49.14g',49.14,11302.00,0.00,2),(183,'A-SY-PD7483A004','PENDANT','','DD244-5.08CT DD694-3.09CT BAOTF 35.71g',35.71,7984.00,0.00,2),(184,'A-GIA-1176642092','CERTIFICATE','','JUNE17,2016 #1176642092 HEART BRILLIANT 3.05CT D FLAWLESS ',0.00,0.00,0.00,3),(185,'A-SY-RG7609A005','RING','','DD152-3.92CT DD116-0.54CT EPFAO 36.71g',10.44,3418.00,0.00,2),(186,'A-SY-RG7610A002','RING','','TD12-0.32CT DD36-0.88CT DD104-0.42CT TBFRB 8.65g',8.65,1590.00,0.00,2),(187,'A-SY-RG7610A002','RING','','TD12-0.32CT DD36-0.88CT DD104-0.42CT TBFRB 8.65g',8.65,1590.00,0.00,2),(188,'A-SY-RG7610A002','RING','','TD12-0.32CT DD36-0.88CT DD104-0.42CT TBFRB 8.65g',8.65,1590.00,0.00,2),(189,'M-P-LEYRXR LCR UCRRXR','NECKLACE','','NP-ST 10-14 18K-2.10 31PCS 17D-0.254 12MM DP54203',0.00,0.00,0.00,-1),(190,'M-P-LEYRXR LCR UCRRXR','NECKLACE','','NP-ST 10-14 18K-2.10 31PCS 17D-0.254 12MM DP54203',0.00,0.00,0.00,-1),(191,'SAMPLE','SAMPLECAT','','SAMPLESAMPLE',100.00,1000.00,0.00,2),(192,'A-P-DP54203','NECKLACE','','NP-ST 10-14 18K-2.10 31PCS 17D-0.254 12MM DP54203',2.10,3850.00,0.00,4),(193,'A-P-S5555556','NECKLACE','','45D:0.32CTS 12.1 - 10MM 81PCS',12.10,6050.00,0.00,-1),(194,'A-P-S5555556','NECKLACE','','45D:0.32CTS 12.1 - 10MM 81PCS',12.10,6950.00,0.00,4),(195,'GIA2224950719','CERTIFICATE','','JUNE 16,2016 ROUND BRILLIANT 2.01CT G VVS2',0.00,0.00,0.00,3),(196,'GIA1239046403','CERTIFICATE','','JUNE 8,2016 ROUND BRILLIANT 2.00CT G VS1',0.00,0.00,0.00,3),(197,'ER0001','EARRING','','18K WG DIAMOND EARRINGS 2.01CT',0.00,0.00,0.00,3),(198,'RD001','DIAMOND','','ROUND 1.00/1.02 NO CERT 2.02CT',2.02,5656.00,0.00,3),(199,'BR0001','BRACELET','','HEART BRACELET ETERNITY 12.40CTS F, VVS1 30PCS HEART DIAMOND',0.00,0.00,0.00,3),(200,'SAMPLE','SAMPLEC','','SAMPLE',100.00,1200.00,0.00,2),(201,'A-TK-ER0330157','EARRING','','GEMS SAPPHIRE DIAMOND EARRING KN2-6.22CT BS222-2.76CT D114-1.03CT BD90-1.16CT 11.63G 18KWB P:EE28',11.63,1584.00,0.00,2),(202,'A-TK-ER0308021','EARRING','','DIAMOND EARRING RCD308-8.93CT 8.13G 18KY P:EE20',8.13,4834.00,0.00,2),(203,'A-TK-ER0333288','EARRING','','SAPPHIRE DIAMOND EARRING PS86-61.04CT D126-0.90CT 10.32G 18KY P:EE20',10.32,4207.00,0.00,2),(204,'A-TK-RN0517746','RING','','SAPPHIRE DIAMOND RING S5-1.22CT D55-2.43CT 14.88G 18KY P:RR21',14.88,1169.00,0.00,2),(205,'A-TK-RN0493821','RING','','DIAMOND RING D29-4.00CT T48-1.80CT 14.20G 18KY P:RR07',14.20,3919.00,0.00,2),(206,'A-TK-BG0117685','BANGLE','','PEARL SAPPHIRE DIAMOND BANGLE PEARL2-0.58G BS174-4.26CT D174-3.45CT 21.73G 18KWB P:BG01',21.73,3773.00,0.00,2),(207,'A-TK-BG0115623','BANGLE','','D292-5.54CT 27.45G 18KY P:BG05',27.45,5134.00,0.00,2),(208,'A-TK-BG0118588','BANGLE','','DIAMOND BANGLE D306-10.47CT 23.75G 18KY P:BG03',23.75,4944.00,0.00,2),(209,'A-TK-NK0081642','NECKLACE','','RUBY SAPPHIRE DIAMOND NECKLACE YS183-3.41CT BS183-3.22CT GG183-3.07CT R183-3.10CT D107-0.40CT',25.58,2525.00,0.00,2),(210,'A-TK-N0088317','NECKLACE','','RCD14-0.65CT 2.93G 18KW P:NK10',2.93,593.00,0.00,2),(211,'A-TK-BL0096562','BRACELET','','D-1854-8.07CT 15.13G 18KW',15.13,5388.00,0.00,2),(212,'A-TK-BL0096564','BRACELET','','D-1854-8.07CT 15.75G 18KW',15.75,5424.00,0.00,2),(213,'A-TK-BL0096553','BRACELET','','D-1854-8.04CT 15.50G 18KR',15.50,5398.00,0.00,2),(214,'A-TK-BL0096555','BRACELET','','RUBY BRACELET R1854-9.20CT 15.26G UUOYR-YR-LER',15.26,2775.00,0.00,2),(215,'A-TK-BL0096558','BRACELET','','SAPPHIRE BRACELET BS1854-9.47CT 15.28G 18KB',15.28,2803.00,0.00,2),(216,'A-TK-ER0333432','EARRING','','RUBY DIAMOND EARRING R58-3.43CT D126-1.25CT 9.46G 18RB',9.46,1349.00,0.00,2),(217,'A-TK-ER0327219','EARRING','','GEMS DIAMOND EARRING KN8-4.29CT D8-0.42CT 3.74G 18KW',3.74,463.00,0.00,2),(218,'A-WC-GER-449','EARRING','','18KT GOLD & DIAMOND EARRING GER-449 GW31.70G 18K-13.46G EM-2/5.26CT EMBD-56.51CT PE-2/26.79CT DIA-174/2.00CT G DIA-0.64CT',31.70,3500.00,0.00,1),(219,'A-WC-GER-420','EARRING','','18KT GOLD & DIAMOND EARRING GER-420 GW21.65G 18K-8.90G TZ-2/7.48CT EMCAB-4/0.63CT EMBD-53.82CT DIBD-16/0.64CTCT DIA-154/1.18CT ',21.65,2500.00,0.00,1),(220,'A-WC-GER-547','EARRING','','18KT GOLD & DIAMOND EARRING GER-547 GW23.12G 18K-7.08G TZCAB-2/6.04CT BSBD-14.79CT PE-58.16CT',23.12,1850.00,0.00,1),(221,'A-WC-GER-518','EARRING','','18KT GOLD & DIAMOND EARRING GER-518 GW20.46G 18K-9.39G PE-52.98G DRC-16/0.59CT DIA1-162/1.09CT DIA2-180/0.70CT',9.39,2200.00,0.00,1),(222,'A-WC-GER-518','EARRING','','18KT GOLD & DIAMOND EARRING GER-518 GW20.46G 18K-9.39G PE-52.98G DRC-16/0.59CT DIA1-162/1.09CT DIA2-180/0.70CT',9.39,2200.00,0.00,1),(223,'A-WC-GN-396','NECKLACE','','18KT GOLD & DIAMOND NECKLACE GN-396 GW36.56G 18K-10.76G TZCAB-1/10.56CT BSBD-77.84CT PE1/26.35CT PE-11.52CT DIA-194/1.93CT G DIA-0.80CT',36.56,3100.00,0.00,1),(224,'A-WC-GN-395','NECKLACE','','18KT GOLD & DIAMOND NECKLACE GN-395 GW29.49G 18K-9.87G TZ-1/7.65CT EMBD-54.37CT PE-1/26.97CT PE-6.88CT DIA-151/1.53CT G DIA 0.70CT ',29.49,3100.00,0.00,3),(225,'A-WC-GN-499','NECKLACE','','18KT GOLD & DIAMOND NECKLACE GN-499 GW106.40G 18K-20.95G EMCAR-1/27.16CT EMBD-18.00CT PE-302.01CT PE-74.84CT DRC-32/1.35CT WD1-334/2.53CT WD2-314/1.36CT',106.40,6850.00,0.00,1),(226,'A-WC-GN542','NECKLACE','','18KT GOLD & DIAMOND NECKLACE GN-542 GW74.71G 18K-16.88G EMBDS-30.07CT PR-168.68CT WD1-2.19CT WD2-2.26CT',74.71,5250.00,0.00,1),(227,'A-WC-GN544','NECKLACE','','18KT GOLD & DIAMOND NECKLACE GN-544 GW77.30G 18K-14.86G COBDS-23.06CT CO BDS-131.90CT PE-152.97CT DRC-0.06CT WD1-2.20CT WD2-1.54CT',77.30,4600.00,0.00,1),(228,'A-WC-GN524','NECKLACE','','18KT GOLD & DIAMOND NECKLACE GN-524 GW50.16G 18K-42.14G EMOV-20.82CT EMOCT-5.48CT EMOV-0.65CT DRC-3.51CT WD9.52CT',42.14,14700.00,0.00,1),(229,'A-KI-BR0001','BRACELET','','HEART BRACELET ETERNITY 12.40CTS F, VVS1 30PCS HEART DIAMOND',0.00,0.00,0.00,3),(230,'SAMPLE','SAMPLE','','SAMPLE LANG ITO ',100.00,1000.00,1300.00,3),(231,'MY-E03850','EARRING','','18K WG 224 RD1-1.18 26TDD 1.12 P-LUNRXR LCR LNYRXR',12.05,0.00,0.00,3),(232,'MY-E2370A045','EARRING','','18K WG DD2-0.18CT DD92-3.23CT P-LCYRXR LUY LERRXR',8.08,0.00,0.00,3),(233,'ATY-PIAGETWATCH','WATCH','','18K WG PIAGET WATCH UKYQRX-KO UNYRQRZ',8.08,0.00,0.00,4),(234,'ATY-NK0081642','NECKLACE','','S549-9.70CT R183-3.10CT D107-0.40CT ',25.58,0.00,0.00,4),(235,'ATY-SY-ER001','EARRING','','EDF10433B UOURX-YR KOR',0.00,0.00,0.00,4),(236,'A-ER001','EARRING','','18K WG EMERALD EARRING',0.00,0.00,0.00,3),(237,'A-PJ-6344N1','NECKLACE','','MQ:217/6.63 MQ:83/4.71 MQ9/0.83 MQ:92/13.22 MQ:10/1.94 MQ:6/1.54 SQ:26/0.73 SQ28/1.13 SQ:40/2.94 PR:6/0.42 PR:12/1.11 PR:1/0.15 RD:200/4.53 RD:44/1.26',75.48,40000.00,0.00,3),(238,'A-PJ-3087LE2','EARRING','','MQ:25/3.62 MQ:16/4.06 PR:4/0.64 PR:8/1.99 PR:2/0.66 RD:8/0.51 RD:2/0.53',14.71,14000.00,0.00,2),(239,'A-PJ-6211N5','NECKLACE','','MQ:9/0.51 SQ:6/0.14 PR:3/0.3 PR:36/5.03 RD:642/2.52 RD:54/1.61',32.79,11000.00,0.00,1),(240,'M-GM-NDF5189','NECKLACE','','NECKLACE W/DIAMOND 240RD 2.26CT 18KW 10.39G',10.39,2266.00,0.00,1),(241,'M-GM-BDF6848','BRACELET','','BRACELET W/DIAMOND 60RD 2.43CT 18KW 13.26G',13.26,2486.00,0.00,1),(242,'M-GM-BDF7468','BRACELET','','BRACELET W/DIAMOND 8RD 0.13CT 18KW 2.82G',2.82,337.00,0.00,1),(243,'M-GM-BDF6685A','BRACELET','','BRACELET W/DIAMOND 12RD 1.50CT 18KW 8.64G',8.64,2068.00,0.00,1),(244,'M-GM-EDM11227','EARRING','','EARRINGS W/DIAMOND 12RD 0.47CT 12TD 0.16CT 18KW 2.72G 0.35CT',2.72,638.00,0.00,1),(245,'M-GM-EDF5527','EARRING','','EARRINGS W/DIAMOND 16RD 0.39CT 18KW 2.03G',2.03,396.00,0.00,1),(246,'M-GM-EDF11518','EARRING','','EARRINGS W/DIAMOND 18RD 0.72CT 18KW 2.97G',2.97,715.00,0.00,1),(247,'M-GM-EPM10103','EARRING','','EARRINGS W/DIAMOND 6MD 0.42CT 24RD 0.37CT 18KW 2.92G 9-11MM',2.92,902.00,0.00,1),(248,'M-GM-RDF20184-100','RING','','RING W/DIAMOND 7RD 0.31CT 18KW 3.09G',3.09,418.00,0.00,1),(249,'M-GM-RDF9558','RING','','RING W/DIAMOND 26RD 1.17CT 18KR 1.56G',1.56,880.00,0.00,1),(250,'M-GM-RDF12724','RING','','RING W/DIAMOND 30RD 0.92CT 18KW 1.94G',1.94,803.00,0.00,1),(251,'M-GM-RDF22368-SC','RING','','RING W/DIAMOND 1RD 0.17CT 20RD 0.64CT 9SCD 0.19CT 18KW 13.42G',13.42,1628.00,0.00,1),(252,'M-GM-RDF19560-SC','RING','','RING W/DIAMOND 1RD 0.09CT 32PD 0.69CT 12RD 0.33CT 9SCD 0.09CT 18KW 9.35G',9.35,1628.00,0.00,1),(253,'M-GM-UR00310','RING','','RING W/DIAMOND 1RD 0.19CT 208RD 2.74CT 18KW 11.78G',11.78,3344.00,0.00,1),(254,'M-GM-RDF22908','RING','','RING W/DIAMOND 44RD 0.82CT 18KW 4.06G',4.06,957.00,0.00,1),(255,'M-GM-RDM21997','RING','','RING W/DIAMOND 26RD 0.31CT 18KW 3.39G 0.35CT',3.39,440.00,0.00,1),(256,'M-GM-RDM22985','RING','','RING W/DIAMOND 14RD 0.31CT 18KW 3.06G 1CT',3.06,396.00,0.00,1),(257,'M-GM-RDM10855','RING','','RING W/DIAMOND 10RD 0.25CT 18KW 3.43G 1-1.25CT',3.43,385.00,0.00,1),(258,'M-GM-RDF11432','RING','','RING W/DIAMOND 26PD 1.27CT 38RD 0.30CT 18KW 3.75G',3.75,1584.00,0.00,1),(259,'M-GM-RDF21834','RING','','RING W/DIAMOND134RD 0.99CT 18KR 11.28G',11.28,1496.00,0.00,1),(260,'M-GM-RDF22884','RING','','RING W/DIAMOND 67RD 0.86CT 8SCD 0.12CT 18KW 7.26G',7.26,1298.00,0.00,1),(261,'M-GM-RDP9279','RING','','RING W/DIAMOND 20PD 0.16CT 14KW 2.45G',2.45,286.00,0.00,1),(262,'M-GM-RDF22872','RING','','RING W/DIAMOND 45RD 1.27CT 18KR 7.87G',7.87,1386.00,0.00,1),(263,'M-GM-RDF23387','RING','','RING W/DIAMOND 81RD 1.09CT 18KR 8.21G',8.21,1287.00,0.00,1),(264,'M-GM-RDF23387','RING','','RING W/DIAMOND 81RD 1.09CT 18KR 8.21G',8.21,1287.00,0.00,-1),(265,'M-GM-RD121790-400','RING','','RING W/DIAMOND 30RD 0.85CT 18KW 5.31G 4CT',5.31,931.00,0.00,1),(266,'M-GM-RD121790-400','RING','','RING W/DIAMOND 30RD 0.85CT 18KW 5.31G 4CT',5.31,931.00,0.00,-1),(267,'M-GM-RDF20888','RING','','RING W/DIAMOND 49RBK 0.68CT 20RD 0.19CT 18KW 4.21G',4.21,528.00,0.00,1),(268,'M-GM-RDF22943','RING','','RING W/DIAMOND 1RD 0.37CT 65RD 0.66CT 8SCD 0.60CT 18KW 5.45G',5.45,2827.00,0.00,1),(269,'M-RJ-A01039','BANGLE','','18KW W/DIA BANGLE 18K 4.14 1RD1-0.14CT 5RD1-0.07CT',4.14,454.00,0.00,1),(270,'M-RJ-A00524','BANGLE','','18KRY W/DIA BANGLE 18K 28.01G 138RD-1.48CT',28.01,2435.00,0.00,1),(271,'M-RJ-A01042','BANGLE','','18KRY W/DIA BANGLE 18K 22.11G 2RD1-011CT 6RD-0.63CT 1RD-0.26CT 2RD-0.36CT',22.11,2363.00,0.00,1),(272,'M-RJ-N02254','NECKLACE','','18KW W/DIA NECKLACE 18K 26.21G 7RD1-0.70CT 24RD1-1.16CT 173RD1-3.48CT',26.21,5270.00,0.00,1),(273,'M-RJ-R18948','RING','','18KW W/DIA RING 18K 4.69G 3RD-0.30CT',4.69,482.00,0.00,1),(274,'M-RJ-R17512','RING','','18KW W/DIA RING 18K 4.80G 10RD-0.10CT',4.80,322.00,0.00,1),(275,'M-RJ-R08214','RING','','18KW W/DIA RING 18K 1.94G 29PDD-1.89CT',1.94,1280.00,0.00,1),(276,'M-RJ-R17501','RING','','18KW W/DIA RING RD1-0.03CT 18K- 4.06G',4.06,221.00,0.00,1),(277,'M-RJ-R15613','RING','','18KR W/DIA RING 18K-1.80 44RD-0.44CT',1.80,436.00,0.00,1),(278,'M-RJ-R19471','RING','','18KY W/DIA RING 18K-2.34G 18RD1-0.21CT',2.34,263.00,0.00,1),(279,'M-RJ-R19471','RING','','18KR W/DIA RING 18K-2.36G 18RD1 -0.21CT',2.36,263.00,0.00,1),(280,'M-RJ-R19471','RING','','18KW W/DIA RING 18K-2.37G 18RD-0.21CT',2.37,265.00,0.00,1),(281,'M-RJ-R15613','RING','','18KW W/DIA RING FULL ETERNITY 18K-1.67G 44RD-0.45CT',1.67,407.00,0.00,1),(282,'M-RJ-R15613','RING','','18KW W/DIA RING FULL ETERNITY 18K-1.71G 44RD-0.43CT',1.71,419.00,0.00,1),(283,'M-RJ-R13624','RING','','18KW W/DIA RING 18K-2.27G 10RD-0.10CT',2.27,184.00,0.00,1),(284,'M-RJ-R13624','RING','','18KY W/DIA RING 18K-2.53G 10RD-0.10CT',2.53,203.00,0.00,1),(285,'M-RJ-R13624','RING','','18KR W/DIA RING 18K-2.27G 10RD-0.10CT',2.27,191.00,0.00,1),(286,'M-RJ-R18949','RING','','18KRW W/DIA RING 18K-3.35G 6RD-0.59CT',3.35,670.00,0.00,1),(287,'M-RJ-R00445','RING','','18KW W/DIA RING 18K-2.49G 34RD-0.73CT',2.49,634.00,0.00,1),(288,'M-RJ-R05083','RING','','18KW W/DIA RING 18K-2.34G 22RD-1.56CT',2.34,1046.00,0.00,1),(289,'M-RJ-R07402','RING','','18KW W/DIA RING 18K-3.05G 32RD-0.80CT',3.05,616.00,0.00,1),(290,'M-RJ-R06413','RING','','18KW W/DIA RING 18K-1.47G 23RD-1.15CT',1.47,850.00,0.00,1),(291,'M-RJ-R06020','RING','','18KW W/DIA RING 18K-6.03G 100RD-0.99CT',6.03,963.00,0.00,1),(292,'M-RJ-R19513','RING','','18KW W/DIA RING 18K-2.45G 1BRB-0.17CT 18RD1-0.27CT 4TDD-0.26CT',2.45,756.00,0.00,1),(293,'M-RJ-R10955','RING','','18KW W/DIA RING HALF ETERNITY 18K-2.17G 14RD-0.44CT',2.17,356.00,0.00,1),(294,'M-RJ-R10955','RING','','18KY W/DIA RING HALF ETERNITY 18K-2.27G 14RD-0.43CT',2.27,364.00,0.00,1),(295,'M-RJ-R10955','RING','','18KR W/DIA RING HALF ETERNITY 18K-2.26G 14RD-0.43CT',2.26,358.00,0.00,1),(296,'M-RJ-R16969','RING','','18KR W/DIA RING 18K-5.64G 2DDC-0.27CT 3MDC-0.39CT 94RD-0.82CT',5.54,1566.00,0.00,1),(297,'M-RJ-R12006','RING','','18KR DIA RING 18K-15.23G 18PDD-2.14CT 42RD1-2.00CT 21TDD-0.65CT 2RD1-0.17',15.23,4088.00,0.00,1),(298,'M-RJ-R12181','RING','','18KW GOLD MOUNTING RING  18KW-3.34G(4.5MM)',3.34,164.00,0.00,1),(299,'M-RJ-P07924','PENDANT','','18KW DIA PENDANT  18KW-1.45G 16RD1-0.29CT',1.45,263.00,0.00,1),(300,'M-RJ-E09575','EARRING','','18KW DIA EARRING  18KW-1.90G 8MDD-0.53CT 2PDC-0.16CT 6.2MM P07848',1.90,844.00,0.00,1),(301,'M-RJ-E04454','EARRING','','18KW DIA EARRING  18KW-1.80G 2RD1-0.22CT 0.11CT EACH',1.80,270.00,0.00,1),(302,'M-RJ-E06188','EARRING','','18KW DIA EARRING  18KW-1.56G 8MDB-0.66CT 2PDC-0.26CT 6.5MM',1.56,1129.00,0.00,1),(303,'M-RJ-E08201','EARRING','','18KW DIA EARRING  18KW-3.81G 24RD-0.30CT',3.81,410.00,0.00,1),(304,'M-RJ-E03852','EARRING','','18KW DIA EARRING  18KW-3.53G 8PDD-1.50CT',3.53,1485.00,0.00,1),(305,'M-RJ-E04453','EARRING','','18KW DIA EARRING  18KW-1.13G 2RD1-0.11CT',1.13,142.00,0.00,1),(306,'M-RJ-E05619','EARRING','','18KW DIA EARRING  18KW-1.60G 2RD1-0.10CT',1.60,142.00,0.00,1),(307,'M-RJ-UE00009','EARRING','','18KYW DIA EARRING  18KW-5.06G 32TDD-0.43CT',5.06,515.00,0.00,1),(308,'M-RJ-E00966','EARRING','','18KW DIA EARRING  18KW-1.41G 12RD-0.13CT',1.41,175.00,0.00,1),(309,'M-RJ-E05213','EARRING','','18KYW DIA EARRING  18K-3.97G 2RD1-0.11CT 4RD1-0.11CT',3.97,331.00,0.00,1),(310,'M-RJ-E05328','EARRING','','18KYW DIA EARRING  18K-2.74G 6RD1-0.15CT',2.74,232.00,0.00,1),(311,'M-RJ-E09674','EARRING','','18KW GOLD EARRING 18K-2.14G [1]',2.14,108.00,0.00,1),(312,'M-RJ-E07978','EARRING','','18KW GOLD EARRING 18K-2.99G [2]',2.99,149.00,0.00,1),(313,'M-RJ-E09043','EARRING','','18KRYW DIA EARRING 18K-7.24G 2RD1-0.33CT 4RD1-0.37CT 4RD-0.18CT',7.24,1096.00,0.00,1),(314,'M-RJ-E09730','EARRING','','18KW DIA EARRING 18K-1.34G 2BDB-0.21CT 8RD1-0.09CT 8TDD-0.33CT',1.34,608.00,0.00,1),(315,'M-RJ-E03449','EARRING','','18KW DIA EARRING 18K-1.44G 8PDC-0.55CT',1.44,481.00,0.00,1),(316,'M-RJ-E00955','EARRING','','18KW DIA EARRING 18K-3.83G 16TDD-0.49CT',3.83,495.00,0.00,1),(317,'M-RJ-E02557','EARRING','','18KW DIA EARRING 18K-4.31G 20PDC-0.64CT',4.31,662.00,0.00,1),(318,'M-RJ-E03231','EARRING','','18KW DIA EARRING 18K-6.38G 12BDB-0.91CT 48RD1-0.59CT 16.3MM',6.38,1364.00,0.00,1),(319,'M-RJ-E03846','EARRING','','18KW DIA EARRING 18K-9.97G 144RD-9.97CT 34TDD-1.41CT',9.97,2075.00,0.00,1),(320,'M-RJ-E03850','EARRING','','18KW DIA EARRING 18K-12.05G 30MM',12.05,2632.00,0.00,1),(321,'M-RJ-E05888','EARRING','','18KW DIA EARRING 18K-7.03G 20RD-1.05CT 20MM',7.03,986.00,0.00,1),(322,'M-RJ-J09677','EARRING','','18KY DIA EARRING 18K-10.81G 100RD-2.64CT 27.8MM',10.81,2020.00,0.00,1),(323,'M-RJ-E08798','EARRING','','18KY DIA EARRING 18K-11.42G 98RD-2.70CT 27.8MM',11.42,2043.00,0.00,1),(324,'M-RJ-E03583','EARRING','','18KR DIA EARRING 18K-4.03G 68RD-0.56CT 12.3MM',4.03,646.00,0.00,1),(325,'M-RJ-E03833','EARRING','','18KR DIA EARRING 18K-10.40G 41RD1-1.86CT 177RD1-0.94CT',10.40,2318.00,0.00,1),(326,'M-RJ-E02426','EARRING','','18KR DIA EARRING 18K-6.01G 88RD-1.05CT',6.01,1121.00,0.00,1),(327,'M-RJ-E00171','EARRING','','18KR DIA EARRING 18K-7.13G 10RD-0.31CT',7.13,499.00,0.00,1),(328,'M-RJ-E07370','EARRING','','18KW DIA EARRING 18K-7.08G 66RD1-1.80CT 20MM',7.08,1375.00,0.00,1),(329,'M-RJ-E07370','EARRING','','18KR DIA EARRING 18K-7.60G 66RD-1.80CT',7.60,1408.00,0.00,1),(330,'M-KV-RDD05398','RING','','18KW RING W/DIA RD2-0.42 RD2-0.19 RD28-0.87 RD10-0.11 18KW 4.65G',4.34,1800.00,0.00,1),(331,'M-KV-RDD03694','RING','','18KW RING W/DIA MD4-1.29 PD4-0.52 MD8-0.75 RD40-0.21 18K-7.91G TW 8.46G',7.91,4986.00,0.00,1),(332,'M-KV-RDD03323','RING','','18KW RING W/DIA PD1-0.33 MD4-0.83 PD8-0.80 18KW-4.00G TW-4.39G',4.00,2916.00,0.00,1),(333,'M-KV-RDD03323','RING','','18KW RING W/DIA PD1-0.33 MD4-0.83 PD8-0.85 18KW-4.00G TW-4.40G 9.5MM',4.00,2934.00,0.00,1),(334,'M-KV-RDD05571','RING','','18KW RING W/DIA PD16-2.94 RD2-0.14 18KW 4.51G TW-5.13G',4.51,3474.00,0.00,1),(335,'M-KV-EDD01501','EARRING','','18KW EARRING W/DIA MD8-0.75 PD8-0.24 18KW 2.55G',2.55,1512.00,0.00,1),(336,'M-KV-EDD01502','EARRING','','18KW EARRING W/DIA MD8-1.56 PD8-0.35 18KW 4.13 TW-4.51G',4.51,3276.00,0.00,1),(337,'M-KV-EDD03561','EARRING','','18KW EARRING W/DIA TD8-0.80 BD4-0.20 RD10-0.54 RD16-0.33 18KW-5.28G TW-5.66G',5.28,2124.00,0.00,1),(338,'M-KV-EDD03541','EARRING','','18KW EARRING W/DIA MD2-0.39 RD32-0.47 TD-1.39 18KW-5.62G TW-6.07G',5.62,2754.00,0.00,1),(339,'M-KV-EDD02646','EARRING','','18KW EARRING W/DIA RD2-0.28 RD2-0.19 RD34-0.64 RD16-0.12 18KW 3.47G TW-3.71G',3.47,1242.00,0.00,1),(340,'M-KV-EDD01507','EARRING','','18KW EARRING W/DIA PD2-0.81 MD8-1.91 18KW 4.61G TW-5.16G 10.2MM',4.61,5688.00,0.00,1),(341,'M-KV-EDD01506','EARRING','','18KW EARRING W/DIA PD2-0.73 MD8-1.53 18KW-3.50G TW-3.95G 9.5MM',3.50,4032.00,0.00,1),(342,'M-KV-PDD03077','PENDANT','','18KW PENDANT W/DIA PD14-1.50 TD10-0.68 RD1-0.02 18KW-2.91 TW-3.35G',2.91,2088.00,0.00,1),(343,'M-KV-PDD03073','PENDANT','','18KW PENDANT W/DIA TD-1.64 RD4-0.39 RD25-0.62 BD5-0.18 18KW-3.91G TW-4.47G',3.91,3042.00,0.00,1),(344,'M-KV-NDD00755','NECKLACE','','18KW NECKLACE W/DIA PD1-0.34 MD4-0.74 RD4-0.20 18KW-4.27G 16+2\"',4.27,2250.00,0.00,1),(345,'M-KV-GDD00580','BANGLE','','18KW BANGLE W/DIA PD15-2.20 RD3-0.12 RD66-1.34 18KW-22.99G TW-23.72G 54X46MM',22.99,4680.00,0.00,1),(346,'A-SY-BG6578A006 ','BANGLE','','TD165-4.42ct DD36-0.36ct DD690-2.58ct BRTRF 43.30g UENYQ-YU-KNR',43.30,7651.00,0.00,4),(347,'A-SY-BG7417A005','BANGLE','','DD801-11.34ct -Kç´… TTSFEB 52.45g ULRERX-YU-NYR',52.45,10625.00,0.00,3),(348,'A-SY-ER6826A009','EARRING','','DD44-2.09ct DD152-0.67ct FBFRS 8.46g UUYNR-YU-LYQ',8.46,2539.00,0.00,4),(349,'A-SY-ER7099A012','EARRING','','TD20-1.12ct DD16-0.35ct DD68-0.45ct FGRGO 7.52g UUKRX-YU-LYR',7.52,2387.00,0.00,1),(350,'A-GM-EDF11472-SC','EARRING','','14 MD 0.69 CT 8 PD 0.07 CT 102 RD 1.80 CT 112 SCD 3.60 CT 18KW 11.77 GM UNOYR-YU-KUR',11.77,6688.00,0.00,4),(351,'A-SY-ER6040A006','EARRING','','DD2-0.18ct DD144-4.03ct ESGBO 7.22g UCURX-YU-LOR',7.22,3119.00,0.00,1),(352,'A-GM-NDF4987','NECKLACE','','9 RD 1.07 CT 78 MD 2.85 CT 8 PD 0.07 CT 300 RD 6.05 CT 18KW 35.98 GM UOURX-YU-YQR',35.98,9063.00,0.00,4),(353,'A-SY-BG6382A014','BANGLE','','DD82-2.50ct-Kç™½ DD30-0.18ct FGFTS 10.95g UUKYR-YU-LKR',10.95,2361.00,0.00,3),(354,'A-GM-EDF11433','EARRING','','238 RD 7.13 CT 18KW 15.32 GM UYORX-YU-CNR',15.32,5700.00,0.00,1),(355,'A-SY-BG6382A015','BANGLE','','DD82-2.49ct-Kç´… DD30-0.18ct FGFTS 10.52g UUKYR-YU-LKR',10.52,2361.00,0.00,3),(356,'A-GM-EDF10350','EARRING','','2 RD 0.18 CT 430 RD 4.05 CT 18KW 17.53 GM UCOYR-YU-UCR',17.53,3762.00,0.00,3),(357,'A-SY-BG6382A016','BANGLE','','DD82-2.51ct-KçŽ‹ DD30-0.18ct FGFTS 11.18g UUKYR-YU-LKR',11.18,2361.00,0.00,3),(358,'A-GM-PDF15136','PENDANT','','12 RD 1.71 CT 264 RD 3.18 CT 18KR 12.84 GM UKOYR-YU-CRX',12.84,4636.00,0.00,3),(359,'A-SY-RG7647A003','RING','','DD72-1.37ct-åˆ†åˆ† DD20-0.06ct TSOTO 5.05g ULCRX-YU-EWR',5.05,1260.00,0.00,1),(360,'A-SY-RG7537A003','RING','','TD5-0.14ct-Kç´… DD78-1.16ct TFBBF 5.88g ULKOR-YU-ORLRX',5.88,1405.00,0.00,4),(361,'A-GM-PDF14040 ','PENDANT','','334 RD 7.18 CT 18KR 15.73 GM 18KW 1.24 GM 2CT UNURX-YU-CER',16.97,6048.00,0.00,3),(362,'A-SY-RG7655A001','RING','','TD12-0.26ct DD14-0.37ct DD20-0.11ct TTSGO 9.10g ULQRX-YU-NQ',9.10,1031.00,0.00,2),(363,'A-GM-PPW13661','PENDANT','','1 WP 5.13 GM 140 RD 3.76 CT 18KR 9.40 GM 15.33MM UCOYR-YU-UKR',9.40,3819.00,0.00,3),(364,'A-SY-RG7641A002','RING','','DD81-1.94ct-åˆ†åˆ† DD52-0.22ct FTTGB 8.30g ULOQR-YU-LUR',8.30,1904.00,0.00,1),(365,'A-SY-ER6568A005','EARRING','','TD107-3.43ct DD132-3.77ct GOAEB 15.15g UYQRX-YU-CQR',15.15,5464.00,0.00,3),(366,'A-GM-PPW12605','PENDANT','','4 MD 0.29 CT 285 RD 4.30 CT 1 WP 6.53 GM 18KW 13.20 GM 16MM UKNRX-YU-UEY',19.73,4560.00,0.00,3),(367,'A-SY-BG5867A017','BANGLE','','TD18-0.70ct Kç™½ DD36-0.53ct DD132-0.88ct FBOOF 16.76g UUNYR-YU-LNR',16.76,2516.00,0.00,1),(368,'A-GM-GDF7963','BANGLE','','12 RD 1.63 CT 72 RD 4.76 CT 281 SCD 12.35 CT 18KW 34.26 GM UUQRXQ-YU-LCURNRX',34.26,21749.00,0.00,1),(369,'A-SY-BL4992A010','BRACELET','','TD144-5.01ct DD22-0.97ct DD682-4.35ct TTBSEG 39.37g ULQRXR-YU-NQR',39.37,10641.00,0.00,1),(370,'A-GM-GDF8101-SC','BANGLE','','2 RD 0.23 CT 174 RD 3.34 CT 16 SCD 0.46 CT 18KW 19.09 GM UKLRX-YU-UKY',19.09,3971.00,0.00,1),(371,'A-SY-BG5867A016','BANGLE','','TD18-0.77ct Kç´… DD36-0.52ct DD132-0.88ct FBGAF 16.12g UUOYR-YU-LWR',16.12,2639.00,0.00,1),(372,'A-SY-BG6492B012','BANGLE','','DD56-0.43ct DD112-2.89ct-Kç´… RREFF 51.89g UYLRX-YU-CLR',51.89,5064.00,0.00,1),(373,'A-SY-BG7277A008','BANGLE','','TD7-0.39ct-Kç´… DD54-1.28ct FOSBF 10.69g ULOQR-YU-LUR',10.69,1891.00,0.00,1),(374,'A-SY-RG4913A035','RING','','DD5-0.53ct DD136-4.50ct SFFAO 9.95g',9.95,3798.00,0.00,-1),(375,'A-SY-RG4913A035','RING','','DD5-0.53ct DD136-4.50ct SFFAO 9.95g UCOQR-YU-UKR',9.95,3798.00,0.00,4),(376,'A-SY-BL7524A003','BRACELET','','DD504-12.89ct -6.5å‹ -white gold TFBRSB 65.44g',65.44,11550.00,0.00,3),(377,'A-SY-RG4878A056','RING','','DD1-0.31ct DD6-1.13ct DD72-1.06ct DD16-0.11ct FPAPS 3.58g UUWYR-YU-LWR',3.58,2716.00,0.00,1),(378,'A-SY-PD6830A005','PENDANT','','DD5-0.54ct DD307-1.61ct DD260-5.28ct GRBBO 15.87g UNOYR-YU-KUR',15.87,6511.00,0.00,4),(379,'A-SY-ER7639A002','EARRING','','DD432-6.74ct DD192-1.27ct ATBAS 17.24g UNOYR-YU-KUR',17.24,6459.00,0.00,4),(380,'A-SY-BG5867A018','BANGLE','','TD18-0.90ct KçŽ‹ DD36-0.52ct DD132-0.88ct FPBSO 17.85g UUOYR-YU-LWR',17.85,2764.00,0.00,1),(381,'A-OG-BG1089','BANGLE','','GWT: 21.23 18KT: 20.17 DWT: 5.28',21.23,5500.00,0.00,3),(382,'A-OG-NK2711','NECKLACE','','NK W/EMERALD DIAMOND GWT: 87.02 18KT: 80.81 DWT: 20.35 STWT: 10.69',87.02,49100.00,0.00,1),(383,'A-OG-NK2754','NECKLACE','','GWT: 31.70 18KT : 31.30 DWT: 1.99',31.70,3246.00,0.00,1),(384,'A-OG-RG1941','RING','','RG W/EMERALD GWT:6.95 18KT: 6.54 DWT: 1.59 STWT: 0.48',6.95,1850.00,0.00,1),(385,'A-OG-RG1967','RING','','GWT: 6.24 18KT: 5.52 DWT: 3.60',6.24,38300.00,0.00,3),(386,'A-OG-RG1572','RING','','GWT: 5.07 18KT: 4.32 DWT: 3.76',5.07,900.00,0.00,4),(387,'A-SY-BG7468A002','BANGLE','','TD198-4.42ct-åˆ†åˆ† DD450-1.67ct RAPSB 20.73g UYQRX-YU-CQR',20.73,5206.00,0.00,1),(388,'A-SY-BG7163D003','BANGLE','','DD247-7.32ct Kç´…#17 AARGS 51.56g UWLRX-YU-KEY',51.56,7925.00,0.00,4),(389,'A-SY-BG7520D001','BANGLE','','DD125-2.85ct -Kç´… #17 SGEGS 31.83g UKURX-YU-UYR',31.83,4166.00,0.00,3),(390,'A-SY-NL7429D003','NECKLACE','','DD58-1.50ct -Kç´… TPRTF 13.25g ULWOR-YU-LUR',13.25,1791.00,0.00,3),(391,'A-OG-NK2774','NECKLACE','','GWT: 31.83 18KT:29.51 DWT: 11.62',31.83,11500.00,0.00,1),(392,'A-SY-NL7214D003','NECKLACE','','DD60-2.62ct FBSOF 15.63g UCLRX-YU-LWN',15.63,3044.00,0.00,3),(393,'A-OG-NK2739','NECKLACE','','GWT: 37.81 18KT: 36.60 DWT: 6.04',37.81,6070.00,0.00,1),(394,'A-SY-NL7234A003','NECKLACE','','TD190-4.42ct DD418-5.88ct TOTOOF 30.90g UOQRX-YU-YOR',30.90,9236.00,0.00,4),(395,'A-SY-NL7367D007','NECKLACE','','DD276-2.84ct -Kç´… GBESO 65.69g UNOYR-YU-KUR',65.69,6215.00,0.00,4),(396,'A-OG-NK2640','NECKLACE','','NK W/EMERALD DIAMOND GWT: 8.63 18KT: 8.19 DWT: 1.14 STWT: 1.04',8.63,1900.00,0.00,3),(397,'A-SY-NL7031A003','NECKLACE','','DD40-3.67ct DD266-1.12ct DD438-11.17ct TREOSB 47.86g ULKNRX-YU-WQR',47.86,14526.00,0.00,1),(398,'A-SY-BL7650A001','BRACELET','','TD60-1.38ct DD321-5.01ct DD1903-7.14ct TRTSOS 49.27g ULCWRX-YU-WCR',49.27,13602.00,0.00,1),(399,'A-SY-RG7203D008','RING','','DD80-1.20ct #14 -Kç´… TGOTB 10.34g ULYRX-YU-OR',10.34,1476.00,0.00,4),(400,'A-SY-NL7654D002','NECKLACE','','DD19-0.76ct-Kç´… DD117-5.29ct ASEEO 38.43g UNOYR-YU-KUR',38.43,6678.00,0.00,3),(401,'A-OG-NK2640','NECKLACE','','NK W/ TANZANITE DIAMOND GWT: 8.43 18KT: 7.97 DWT: 1.06 STWT: 1.25',8.43,1890.00,0.00,3),(402,'A-OG-ER4718','EARRING','','ER W/ TANZANITE DIAMOND GWT: 8.54 18KT:7.51 DWT: 2.13 STWT: 3.03',8.54,3000.00,0.00,3),(403,'A-OG-NK2778','NECKLACE','','NK W/EMERALD GWT: 51.80 18KT: 41.32 DWT: 13.00 STWT: 12.12',51.80,24865.00,0.00,1),(404,'A-GRS2014-062682','CERTIFICATE','','GRS2014-062682 16TH JUNE 2014 A PAIR OF FACETEDGEMSTONES 2 NATURAL EMERALDS 33.13/30.82CT BRILLIANT/STEP(4) PEAR GREEN ZAMBIA ORIGIN CE(O):MINOR',0.00,0.00,0.00,1),(405,'A-SY-001','RING','','DD1-0.1 DD30-0.78 DD111-0.50 11.50G',11.50,0.00,0.00,3),(406,'A-SY-PD4824A011','PENDANT','','DD32-0.36CT DD150-0.92CT TD36-0.99CT FFPRB 7.94G UURXR-YU-LUR',7.94,2000.00,0.00,3),(407,'A-EARRINGLOOP','EARRING','','LOOP EARRING',0.00,0.00,0.00,3),(408,'A-SY-RG7651A001','RING','','DD1-2.80CT EEGO 3.99G',3.99,260.00,0.00,2),(409,'A-SY-BG7546D004','BANGLE','','DD12-0.97CT DD204-2.26CT #17 ROEAB 40.14G UKNRX-YU-UEY',40.14,4509.00,0.00,4),(410,'A-GIA-1248174719','CERTIFICATE','','#1248174719 ROUND BRILLIANT 2.80CT J VS1 EXCELLENT',0.00,0.00,0.00,3),(411,'A-SY-RG7651A001','RING','','DD1-2.80CT EEGO 3.99G',3.99,23800.00,0.00,3),(412,'A-SY-RG7675A001','RING','','DD51-0.25CT DD56-1.33CT ULYQR-YU-OC',0.00,1550.00,0.00,1),(413,'A-SY-RG7676A001','RING','','DD64-1.75CT DD82-0.39 NNMCD ULOWR-YU-LUR',8.44,1980.00,0.00,1),(414,'A-SY-RG7676A001','RING','','DD64-1.75CT DD82-0.39 NNMCD ULOWR-YU-LUR',8.44,1980.00,0.00,-1),(415,'A-SY-RG7664A001','RING','','DD171-2.90CT DD46-0.22CT EORAB 11.73G UUNOC-YU-LNY',11.73,2693.00,0.00,3),(416,'A-SY-PD4247A005','PENDANT','','DD93-2.68CT DD28-0.53.11G DD192-0.94CT ERPSG 10.11G UCUKR-YU-LOY',10.11,3240.00,0.00,3),(417,'A-RING001','RING','','ROSEGOLD RING',0.00,0.00,0.00,3),(418,'M-RDL21012-075','RING','','P-CKRXR LCR KYRXR 2OD 0.25CT 20RD 0.31CT 0.75CT 3.68G',3.68,0.00,0.00,3),(419,'A-DIAMOND1','DIAMOND','','0.506CT',3.68,0.00,0.00,3),(420,'A-PC-DG066','BANGLE','','186DIAMOND-2.01CT 104DIAMOND-0.77CT 182BAG.DIAMOND-4.10CT',69.66,8000.00,0.00,4),(421,'A-RDF20223-YD','RING','','37RD 1.44CT 1OFYD 4.19CT 18KW 6.09GM 18KY 1.64',7.73,0.00,0.00,-1),(422,'A-RDF20223-YD','RING','','37RD 1.44CT 1OFYD 4.19CT 18KW 6.09GM 18KY 1.64',7.73,0.00,0.00,1),(423,'M-EO4591','EARRING','','40BRDD 0.36CT 414RDD-3.41 2RDD-0.16 8.24G P-LQURXR LKYRXR',8.24,0.00,0.00,1),(424,'A-WC-GER-559','EARRING','','GER-559 GW-25.29 g 18K-7.73 g WD-1.36 cts RC-0.35cts BSAPP-27.56 cts TZ CABS-10.60 cts PE- 47.55 cts',25.29,2250.00,0.00,3),(425,'A-TK-ER0301316','EARRING','','PEARL DIAMOND EARRING PEARL2-0.59G D642-7.36CT 11.56G 18KW P:EE37',12.15,5007.00,350000.00,3),(426,'A-SY-PD7155D001','PENDANT','','DD106-0.52CT UWQR-KW KWYWRZ',5.57,24400.00,0.00,3),(427,'A-PN0394DR-SREB','NECKLACE','','1433 DIA 43.16 PN0394DR-SREB UUQYQR-YU LCYQRXR',66.26,0.00,0.00,3),(428,'A-DPTF006','PENDANT','','18KW 8.79G 80D-1.200CT ULUYR-KW-EURXZR',8.79,1250.00,0.00,3),(429,'A-DCVA004MW','BRACELET','','18KR-7.59UYCY-YU-CU',7.59,535.00,0.00,3),(430,'A-DNVA004MW','NECKLACE','','18KR-3.96G UUOY-KW-LNCRXZ',3.96,295.00,0.00,3),(431,'A-BLACK','BRACELET','','BLACK DIAMOND BRACELET UURQR-YU-LUR',0.00,0.00,0.00,1),(432,'A-ROUND DIAMOND','RING','','5.06CTS 1G1 M2B59318 UKYWYR-YU-UEYQWYR',0.00,0.00,0.00,4),(433,'A-ROUND DIAMOND','RING','','5.06CTS 1G1 M2B59318 UKYWYR-YU-UEYQWYR',0.00,0.00,0.00,-1),(434,'A-PB0160D ULYWYR-YR','BRACELET','','57.47G OLYR 1,585D-30.30CTS D1 VVS1 ',57.47,0.00,0.00,3),(435,'A-NK-02','NECKLACE','','REPAIR',0.00,0.00,0.00,3),(436,'A-YELLOWER','EARRING','','YELLOW PEARL EARRING',0.00,0.00,0.00,3),(437,'A-RJD000062001','RING','','1JD0.7 44FD 0.42',12.49,0.00,0.00,3),(438,'A-YELLOWER','EARRING','','YELLOW PEARL EARRING',0.00,0.00,0.00,3),(439,'A-RJD000062001','RING','','1JD0.7 44FD 0.42',12.49,0.00,0.00,3),(440,'A-ES-18KWCTQDI223 ','BRACELET','','Bracelet w/ Dia. 18KR 7.59g',7.59,535.00,0.00,1),(441,'A-ES-18KWCTQDI264','BRACELET','','Bracelet w/ Dia. 18KR 3.63g',3.63,360.00,0.00,1),(442,'A-PJ-6114N8','NECKLACE','','MQ:24/1.96 MQ:3/0.42 SQ:14/0.39 SQ:8/0.37 SQ:2/0.19 BG:14/0.91 BG:7/0.51 PR:8/0.87 PR:1/0.15 PR:2/0.41 RD:432/2.85 RD:28/0.35 UOQYR-YU-YOY',33.64,9800.00,0.00,1),(443,'A-PJ-6211N5','NECKLACE','','MQ:9/0.51 SQ:6/0.14 PR:3/0.3 PR:36/5.03 RD:642/2.52 RD:54/1.61 ULUYQR-YU-EYR',32.79,11000.00,0.00,1),(444,'A-PJ-6225N1','NECKLACE','','MIX:22/7.57 PR:134/8.97 RD:36/0.28 RD:71/1.81 ULYQRX-YU-OCRZ',36.29,15000.00,0.00,1),(445,'A-PJ-6344N1','NECKLACE','','MQ:217/6.63 MQ:83/4.71 MQ:9/0.83 MQ:92/13.22 MQ:10/1.94 MQ:6/1.54 SQ:26/0.73 SQ:28/1.13 SQ:40/2.94 PR:6/0.42 PR:12/1.11 PR:1/0.15 RD:200/4.53 RD:44/1.26 UKLYRX-YU-UKWYRXZ',75.48,40000.00,0.00,1),(446,'A-PJ-8304R1','RING','','HS:17/5.81 UONYR-YU-YEQ',4.37,9500.00,0.00,1),(447,'A-PJ-8305R1','RING','','OV:17/5.4 UOLYR-YU-YKW',4.95,9000.00,0.00,1),(448,'A-PJ-P039N1','NECKLACE','','HS:7/4.7 PR:29/4.11 RD:683/3.85 RD:107/6.03 HS:12/3.96 HS:9/4.58 UCNYRQ-YU-ULWUERQ',24.91,35000.00,0.00,1),(449,'A-PJ-P040ER1','EARRING','','HS:2/1.3 PR:8/1.13 RD:128/0.58 RD:12/0.79 HS:4/2.11 UOKYR-YU-YNY',11.03,9200.00,0.00,1),(450,'A-PJ-P312ER1','EARRING','','MQ:43/2.92  PR:42/3.26 RD:38/0.69  RC:44/3.34 UEQYR-YU-KNY',24.91,7500.00,0.00,1),(451,'A-PJ-P545ER1','EARRING','','RD:646/3.37 RD:2/0.2 UCYQR-YU-ULY',19.47,3500.00,0.00,1),(452,'A-PJ-S17LN2','NECKLACE','','MQ:9/0.92   MQ:154/5.46 MQ:146/7.24 MQ:50/4.63 SQ:9/0.31   SQ:1/0.06 SQ:29/1.11  SQ:120/6.77 SQ:42/3.27  PR:8/0.49 PR:6/0.53   PR:4/0.64 PR:1/0.19  UUNYRQ-YU-LYWYERQ',55.95,25000.00,0.00,1),(453,'A-PJ-T25P1','PENDANT','','RD:159/0.63 MIX:15/5.91  UEWRQ-YU-KNQ',9.59,7500.00,0.00,1),(454,'A-PJ-T25P1','PENDANT','','RD:159/0.63 MIX:15/5.91  UEWRQ-YU-KNQ',9.59,7500.00,0.00,-1),(455,'A-PJ-9299ER4','EARRING','','21.85G 13.99CT ULCNYR-YU-WUR',21.85,13500.00,0.00,4),(456,'A-PJ-6385N1','NECKLACE','','90.15G 26.18CT UUQNYR-YU-LCYQRQR',90.15,22500.00,0.00,1),(457,'A-PJ-9041ER4','EARRING','','12.39G 5.63CT UYWYR-YU-CYR',12.39,5800.00,0.00,4),(458,'A-PJ-732ER7','EARRING','','8.46G 4.80CT UNYRQ-YU-COR',8.46,6400.00,0.00,1),(459,'A-PJ-9121ER2','EARRING','','20.10G 11.87CT ULCYRQ-YU-WLR',20.10,12800.00,0.00,4),(460,'A-PJ-P351N2','NECKLACE','','29.58G 6.50CT 12.44CS WEIGHT UURWRQ-YU-LCYRQRQ',29.58,20800.00,0.00,4),(461,'A-PJ-P352ER3','EARRING','','10.26G 2.11CT 3.70CS WEIGHT UEYRQ-YU-KYR',10.26,7200.00,0.00,4),(462,'A-PJ-P1242R1','RING','','4.77G 0.85CT 1.99CS WEIGHT UKYRQ-YU-UER',4.27,4000.00,0.00,4),(463,'A-TK-NK0089528','NECKLACE','','GEMS DIAMOND NECKLACE SPN80-4.71CT D48-0.55CT 16.06G 18KWYB P:NK12 ULKNK-YU-WQ',16.06,1464.00,0.00,1),(464,'A-TK-NK0089459','NECKLACE','','PEARL GEMS NECKLACE PEARL2-0.76G MN77-30.13CT 10.69G 18KR (N792_1RG) P:NK01 ULYQC-YU-OU',11.45,1553.00,0.00,1),(465,'A-TK-NK0089168','NECKLACE','','GEMS SAPPHIRE DIAMOND NECKLACE KN8-2.86CT BS67-5.13CT D6-0.25CT 4.56G 18KB P:NK07 UYQR-YU-CQ',4.56,550.00,0.00,1),(466,'A-TK-NK0087887','NECKLACE','','RUBY DIAMOND NECKLACE R223-6.12CT D22-1.70CT D374-1.16CT 29.06G 18KBW P:NK01 UCNWE-YU-UQL',29.06,3687.00,0.00,1),(467,'A-TK-BG0119471','BRACELET','','DIAMOND BANGLE D109-1.87CT 5.86G 18KW P:BG10 ULUWE-YU-EQ',5.86,1287.00,0.00,1),(468,'A-TK-BG0119370','BRACELET','','DIAMOND BANGLE D109-1.88CT 5.64G 18KR P:BG10 ULUEY-YU-EQ',5.64,1275.00,0.00,1),(469,'A-TK-BG0120281','BRACELET','','DIAMOND BANGLE D8-1.26CT D76-0.97CT 9.69G 18KW P:BG08 UULEQ-YU-LCY',9.69,2177.00,0.00,1),(470,'A-TK-ER0335513 ','EARRING','','DIAMOND EARRING D120-3.27CT 5.80G 18KW P:EE32 ULENU-YU-LQR',5.80,1762.00,160000.00,3),(471,'A-TK-ER0335329','EARRING','','DIAMOND EARRING D74-1.47CT 3.97G 18KW P:EE32 UOLR-YU-YR',3.97,910.00,0.00,1),(472,'A-TK-ER0334459','EARRING','','DIAMOND EARRING RCD104-3.56CT 6.81G 18KY P:EE21  UULYW-YU-LCR',6.81,2158.00,0.00,1),(473,'A-TK-ER0301316 ','EARRING','','PEARL DIAMOND EARRING PEARL2-0.59G D642-7.36CT 11.56G 18KW P:EE37 UYRQE-YU-CRQ',12.51,5007.00,0.00,1),(474,'A-TK-RN0519697','RING','','PEARL RUBY DIAMOND RING PEARL1-0.37G PS/R128-3.29CT D56-1.44CT 9.14G 18KYB (R8139_1RG) P:RR03 ULYEU-YU-OY',9.14,1572.00,0.00,1),(475,'A-TK-RN0522587','RING','','GLASS FILLED RUBY RING GFR1-3.02CT R194-2.84CT 5.46G 18KRB P:RR15 UNCO-YU-CO',5.46,639.00,0.00,1),(476,'A-TK-ER0334471','EARRING','','EMERALD DIAMOND EARRING EM2-7.39CT D436-8.58CT 14.50G 18KWY P:EE06 UEOQY-YU-KWR',14.50,7995.00,0.00,4),(477,'A-TK-BG0119139','BRACELET','','DIAMOND BANGLE D109-1.89CT 5.88G 18KY P:BG09 ULCRC-YU-EW',5.88,1303.00,0.00,1),(478,'M-CHAIN','CHAIN','','18K ROSEGOLD CHAIN',0.00,0.00,0.00,3),(479,'M-CHAIN','CHAIN','','18K ROSEGOLD CHAIN',0.00,0.00,0.00,-1),(480,'M-422385130','PENDANT','','HUYROR NYR - 12M #154 LWCR G-LUYR',0.00,0.00,0.00,3),(481,'M-ROSARY','BRACELET','','18K TRI-COLOR ROSARY BRACELET',0.00,0.00,0.00,3),(482,'M-SP-359','PENDANT','','SPANISH MEDAL #359 22MM ',0.00,0.00,0.00,1),(483,'M-SP-350','PENDANT','','SPANISH MEDAL #350 22MM ',0.00,0.00,0.00,1),(484,'M-SP-350','PENDANT','','SPANISH MEDAL #350 22MM ',0.00,0.00,0.00,1),(485,'M-SP-350','PENDANT','','SPANISH MEDAL #350 22MM',0.00,0.00,0.00,1),(486,'M-SP-337','PENDANT','','SPANISH MEDAL #337 22MM',0.00,0.00,0.00,1),(487,'A-N12407','CHAIN','','WTP3M 5.87 WTP5M - 8.75',2.42,257.00,0.00,4),(488,'A-SY-PD6830A005','PENDANT','','DD5-0.54CT DD307-1.61CT DD260-5.28CT',15.80,0.00,0.00,1),(489,'A-PJ-P927ER2','EARRING','','PR:22/3.46 RD:48/0.34 RD:10/0.15 RD:30/0.99 RD:2/0.21 RD:2/0.29',16.65,0.00,0.00,4),(490,'A-KV-PDD02649','PENDANT','','PD25-1.53 BD12-0.80 RD71-2.13 RD71-0.51',6.33,0.00,0.00,4),(491,'A-N08044','CHAIN','','WTP 25.66',3.68,0.00,0.00,4),(492,'A-N13279','CHAIN','','CP7M-29.05 WTP3M 10.04 WTP(7*5) 10.98',4.42,0.00,0.00,3),(493,'A-ER01','EARRING','','',0.00,0.00,0.00,3),(494,'A-AC-A0675-R5RX','BANGLE','','18KR 10.07gm  8PR-1.52 ; 84RD-0.89 ; 3FWP-10.0-10.2 MM 45X55',0.00,1409.00,0.00,1),(495,'A-AC-A0675-W5BX','BANGLE','','18KW 10.02gm  8PES-1.51 ; 84RD-0.91 ; 3FWP-10.1-10.3 MM 45X55',0.00,1412.00,0.00,1),(496,'A-AC-A0675-Y5EX','BANGLE','','18KY 10.66gm  8PE-1.14 ; 84RD-0.91 ; 3FWP-10.0-10.3 MM 45X55',0.00,1426.00,0.00,1),(497,'A-T1-DEK3821','EARRING','','RD 6-0.57CT RD72-2.29CT RG-5.85G UUWYR-YU-LWR ULNWR-YU-LRX',5.85,0.00,0.00,4),(498,'A-PC-DR519','RING','','18KR(750)-12.31GM 74DIA-1.26CT 4DIA-0.17CT 5BAG.DIA 0.55CT UUYQR YU LYR',12.31,2000.00,0.00,4),(499,'A-RDF20217','RING','','42RD-0.22CT 24RD-2.07CT 18KR-4.00CT 18KW-2.00CT UUYQR-KO-LKW',13.50,0.00,0.00,4),(500,'A-RG7676A001','RING','','64D:1.75CT 82D:0.39CTS ULOWR-YU-LUR',8.44,0.00,0.00,4),(501,'A-RG3069PDI1','RING','','MQ9/0.41 PE1/0.07 PE10PTS2/0.17 PRIN5/0.17 RD11-9/0.28 T/B-3 5/0.15 ULOYR-YR-LQO',10.84,0.00,0.00,4),(502,'A-R48447-DY','RING','','132RD 0.99CT 188D 1.52CT 12.38G UUNOR-YU-LNR',12.38,0.00,0.00,4),(503,'A-LR8168HN','RING','','44RD 0.61CT 5PD 0.89CT 5.41G ULNYR-KW-OLWQRZ',5.41,0.00,0.00,4),(504,'A-BG0510PDI1','BANGLE','','RD+11 5/0.37 RD-11 12/0.55 T/B+3 8/0.31 T/B + 3.5 4/04 T/B 3 8/0.24 UKUOR-YR-UYR',40.16,0.00,0.00,4),(505,'A-RG1967','RING','','DIA WT: 1/3.12CTS',6.24,0.00,0.00,4),(506,'A-EDF11449','EARRING','','28RD 3.55CT 168RD 3.94CT 18KR 8.18G 18KW 4.60G',12.78,0.00,0.00,4),(507,'A-WC-GER 576','EARRING','','HER- 576 GW-22.46 g 18 K-10.66 g WD1-1 cts WD2-0.58cts EMOV-1.96 cts EM BDS-55.61cts  UUWQR-YU-LEC',33.12,2880.00,0.00,1),(508,'A-WC-GER 600','EARRING','','HER-600 GW- 19.19 g 18K-9.90 g WD1-0.51 cts WD2-0.58 cts DRC-1.23 cts PE- 44.13 cts UULRQ-YU-LUN',29.09,2100.00,0.00,3),(509,'A-WC-GER 71','EARRING','','HER-71 GW-15.61 g 18K-8.63 g WD-1.77cts Co - 14.91 cts PE-18.50 cts ULNRQ-YU-ON',24.24,1453.00,0.00,1),(510,'A-WC-HN608','NECKLACE','','HN-608 GW-45.83 g 18K-25.37 g WD1-3.71 cts WD-2 0.58 cts DRC-3.68cts Em PE - 2.12 cts Em Bds-92.21 cts UWRQR-YU-KEO',71.20,8000.00,0.00,1),(511,'A-WC-HN608','NECKLACE','','HN-608 GW-45.83 g 18K-25.37 g WD1-3.71 cts WD-2 0.58 cts DRC-3.68cts Em PE - 2.12 cts Em Bds-92.21 cts UWRQR-YU-KEO',71.20,8000.00,0.00,-1),(512,'A-3768ER3','EARRING','','DIA:116/11.37 ULUYQR-KWNOY',18.81,0.00,0.00,3),(513,'A-HEART','RING','','10.08CTS NO CERT',0.00,0.00,0.00,4),(514,'A-NK2711-BL969','NECKLACE','','DIA:20.35 GREEN EMERALD COLUMBIAN',80.81,0.00,0.00,4),(515,'A-ER0334471','EARRING','','EM2-7.39CT D436-8.58CT 14.50G 18KWY UEOQY-YU-KEO GREEN EMERALD COLUMBIAN',14.50,0.00,0.00,4),(516,'A-9299ER','EARRING','','13.99CT ULCYXQ-YU-WXW',21.85,0.00,0.00,4),(517,'A-RG2634WDI1','RING','','MQ 60/2.93 MQ10PTS 1/0.11 PE10PTS 13/1.26 PRIN 32/1.12 RD11 4/0.04 TB+3 2/0.06 T/B +3.5 1/0.07 T/B-3 2/0.05',15.83,0.00,0.00,2),(518,'A-3087ER25','EARRING','','MQ 14/1.84 MQ:10/1.75 MQ11/2.69 MQ3/0.74 PR4/0.69 PR10/2.51 RD8/0.53 RD1/0.26 RD1/0.23',0.00,0.00,0.00,4),(519,'A-RG2634WDI1','RING','','MQ 60/2.93 MQ10PTS 1/0.11 PE10PTS 13/1.26 PRIN 32/1.12 RD11 4/0.04 TB+3 2/0.06 T/B +3.5 1/0.07 T/B-3 2/0.05',15.83,0.00,0.00,4),(520,'A-PG-E51785-1','EARRING','','18KY-2.20GM 18KW-6.05GM 18KP-1.40GM 218D-1.16CT 74B-1.00CT UUYQR-YU-LYQ',9.65,2477.00,0.00,1),(521,'A-PG-E43720-1','EARRING','','18KYP-8.93GM 6S-0.25CT 2PEA-0.12CT 14M-1.15CT 164D-0.78CT 10B-0.47CT UCLRX-YU-LOR',8.93,3077.00,0.00,1),(522,'A-PG-E51322-1','EARRING','','18KY-1.00GM 18KW-6.77GM 18KP-1.00GM 18RD-0.58CT 234D-1.01CT ULOYR-YU-LUR',8.77,1811.00,0.00,1),(523,'A-PG-E51796','EARRING','','18KW-14.02GM 84T-1.82CT 14RD-0.53CT 154D-1.64CT UCNOR-YU-UCR',14.02,3658.00,280000.00,3),(524,'A-PG-R48447-DY','RING','','18KY-4.20GM 18KW-2.10GM 18KP-6.08GM 132RD-0.99CT 188D-1.52CT UUNOR-YU-LNR',12.38,2542.00,195000.00,3),(525,'A-AP-A0881-R15Z','BANGLE','','18KR 19.69gm  76RD-0.78 ; 1WP-13.0 MM 45X55 ULWUN-YU-LQR',19.69,1826.00,0.00,4),(526,'A-AP-A0881-W15Z','BANGLE','','18KW 19.28gm  76RD-0.78 ; 1WP-12.7 MM 45X55 ULEQU-YU LRN',19.28,1772.00,0.00,4),(527,'A-AP-A0881-Y15Z','BANGLE','','18KY 20.05gm  76RD-0.77 ; 1WP-12.8 MM 45X55 ULWLE-YU LRO',20.05,1817.00,0.00,4),(528,'A-AP-A0675-R5RX','BANGLE','','18KR 10.07gm  8PR-1.52 ; 84RD-0.89 ; 3FWP-10.0-10.2 MM 45X55 ULKRO-YU WY',10.07,1409.00,0.00,3),(529,'A-AP-A0675-W5BX','BANGLE','','18KW 10.02gm  8PES-1.51 ; 84RD-0.91 ; 3FWP-10.1-10.3 MM 45X55 ULKLU-YU WY',10.02,1412.00,0.00,3),(530,'A-AP-A0675-Y5EX','BANGLE','','18KY 10.66gm  8PE-1.14 ; 84RD-0.91 ; 3FWP-10.0-10.3 MM 45X55 ULKUN-YU WN',10.66,1426.00,0.00,3),(531,'A-AP-A0774-Y5ZZ','BANGLE','','18KY 15.03gm  99RD-0.72 MM 45X55 ULCQC-YU WR',15.03,1333.00,0.00,1),(532,'A-AP-A0774-W5ZZ','BANGLE','','18KW 14.86gm  99RD-0.73 MM 45X55 ULCQC-YU WR',14.86,1333.00,0.00,1),(533,'A-AP-A0774-R5ZZ','BANGLE','','18KR 14.97gm  99RD-0.72 MM 45X55 ULCUO-YU-WR',14.97,1329.00,0.00,1),(534,'A-AP-A0723-R5ZZ','BANGLE','','18KR 9.68gm  210RD-0.84 MM 45X55 ULQCE-YU NW',9.68,1137.00,0.00,1),(535,'A-AP-A0723-Y5ZZ','BANGLE','','18KY 9.37gm  210RD-0.84 MM 45X55 ULQUL-YU NW',9.37,1121.00,0.00,1),(536,'A-KV-RDD05550','RING','','PD16-2.86 RD2-0.22 RD16-0.21 TD10-0.54 18KW 6.45G TW:7.21G UKWQR-YU-UOY',7.21,4284.00,0.00,4),(537,'A-AP-A0723-W5ZZ','BANGLE','','18KW 9.81gm  210RD-0.84 MM 45X55 ULQKR-YU NO',9.81,1140.00,0.00,1),(538,'A-AP-A0805-W5ZZ','BANGLE','','18KW 7.00gm  24MD-1.81 MM 45X55 ULEQC-YU LRE',7.00,1773.00,120000.00,3),(539,'A-KV-RDD05692','RING','','RD4-0.22 BD7-0.72 BD6-0.39 BD4-0.17(TW:4.91G) 18KW 4.61G UUCOR-YU-LKY',4.61,2304.00,0.00,1),(540,'A-AP-A0805-Y5ZZ','BANGLE','','18KY 7.17gm  24MD-1.79 MM 45X55 ULEQN-YU LRE',7.17,1776.00,120000.00,3),(541,'A-AP-A0805-R5ZZ','BANGLE','','18KR 7.01gm  24MD-1.76 MM 45X55 ULECW-YU LRK',7.01,1738.00,120000.00,3),(542,'A-KV-EDD02863','EARRING','','PD18-0.73 RD64-2.10 RD98-0.68 BD18-1.14 18KW 9.40G TW:10.33GUKURX-YU-UYR',10.33,3996.00,0.00,3),(543,'A-AP-E1954-W15Z','EARRING','','18KW 8.15gm  2WP-14.2,14.1 ; 178RD-2.14 UUWEU-YU LER',8.15,2872.00,0.00,1),(544,'A-AP-E0500-W135','EARRING','','18KW 5.62gm  14RD-0.44 ; 2GP-12.1,12.4 ; 2WP-13.6,13.8 UURUQ-YU LUL',5.62,2022.00,0.00,1),(545,'A-KV-PEPW00131','EARRING','','SPW2-16.00MM RD24-0.24 BD12-0.51 BD16-0.34 18KW 4.46G TW:16.11 UUOYR-YU-LWR',16.11,2718.00,0.00,1),(546,'A-AP-E0178-R15Z','EARRING','','18KR 7.65gm  80RD-1.55 ; 2WP-13.4,13.5 UULRO-YU LUE',7.65,2109.00,0.00,1),(547,'A-KV-EDD03549','EARRING','','PD2-1.03 PD12-1.42 RD16-0.73 18KW 5.26G TW:5.90G UKYQR-YU-UEY',5.90,4356.00,0.00,3),(548,'A-KV-BDD00687','BRACELET','','RD47-2.56 MD33-2.40 BD55-4.71 BD22-1.46 16.5CM 18KW 15.14G TW 17.36G ULCORX-YU-WYR',17.36,13392.00,0.00,1),(549,'A-KV-NDD00674','NECKLACE','','RD17-2.90 RD76-3.10 18KW 16.07G TW 17.27G 41.5CM UEUYR-YU-KQR',17.27,7056.00,0.00,1),(550,'A-PC-DN104','NECKLACE','','1Sap~3.82ct,1Sap~1.71ct,21Sap~22.37ct,3(ps)~0.56ct,8(ps)~0.52ct,3(mq)~0.61ct, 68D~6.10ct,123D~5.17ct,594D~9.19ct  49.80gm UCRQRQ-YU-LEOKRQR',49.80,30000.00,0.00,4),(551,'A-KV-NEM00805','NECKLACE','','E8-14.09 PD27-3.14 MD8-0.86 RD332-15.34 18KW 40.23G TW 46.92G 41CM UKYQRX-YU-UEUCORX',46.92,30160.00,0.00,1),(552,'A-PC-DN182','NECKLACE','','4D~0.13ct,28D~0.20ct,26D~0.58ct,487BA~10.28ct,33.88gm ULRQRQ-YU-NRQ',33.88,10000.00,0.00,3),(553,'A-KV-SEEM00373','EARRING','','(OD)E2-2.44 PD8-0.82 MD4-0.43 RD108-3.38 18KW-9.51G TW 10.56G',10.56,5590.00,0.00,1),(554,'A-KV-SREM00098','EARRING','','(OD)E1-6.03 RD16-1.07 RD16-0.23 BD8-0.31 18KW 7.50G',9.03,7250.00,0.00,1),(555,'A-PC-DN025','NECKLACE','','182D~2.30ct,588BA~14.64ct,43.50gm ULURQR-YU-ELW',43.50,12000.00,0.00,1),(556,'A-PC-DG066','BANGLE','','186D2.01ct,104D~0.77ct,182BA~4.10ct 69.66gm UWRQR-YU-KEO',69.66,8000.00,0.00,1),(557,'A-PC-DR519','RING','','74D~1.26ct,4D~0.17ct,5BA~0.55ct,12.31gm UURQR-YU-LUR',12.31,0.00,0.00,1),(558,'A-PC-DE409','EARRING','','44D~0.32ct,2D~0.14ct 184D~2.55ct,40BA~1.80ct UKRQR-YU-UKR',13.44,4000.00,0.00,1),(559,'A-DC-EJD00017001ER','EARRING','','JD FD 18KY UYRQ-YU-CR',0.00,500.00,0.00,1),(560,'A-DC-EJD000158001ER','EARRING','','JD FD 18KY UYRQ-YU-CR',0.00,500.00,0.00,1),(561,'A-DC-EJD000187001ER','EARRING','','JD FD 18KY UYRQ-YU-CR',0.00,500.00,0.00,1),(562,'A-DC-EJD000156001ER','EARRING','','JD FD 18KY UYRQ-YU-CR',0.00,500.00,0.00,1),(563,'A-DC-EJD000210001ER','EARRING','','JD FD 18KY UYRQ-YU-CR',0.00,500.00,0.00,1),(564,'A-DC-EJD000210001ER','EARRING','','JD FD 18KY UYRQ-YU-CR',0.00,500.00,0.00,1),(565,'A-DC-EJD000209001ER','EARRING','','JD FD 18KY ULRQR-YU-NR',0.00,1000.00,0.00,1),(566,'A-DC-EJD000801011ER','EARRING','','TQ FD 18KY UOWR-YU-YO',0.00,980.00,0.00,1),(567,'A-DC-ELD000318001ER','EARRING','','TQ FD 18KY ULKQR-YU-WE',0.00,1440.00,0.00,1),(568,'A-DC-ELD000335001ER','EARRING','','TQ FD 18KY ULYNW-YU-OY',0.00,1568.00,0.00,1),(569,'A-DC-PPD001168001PD','PENDANT','','PL PS FD 18KR UCYR-YU-UL',0.00,350.00,0.00,1),(570,'A-DC-PPD001169001PD','PENDANT','','PL BS FD 18KY UCYR-YU-UL',0.00,350.00,0.00,1),(571,'A-DC-PPD001170001PD','PENDANT','','PL EH FD 18KY UCYR-YU-UL',0.00,350.00,0.00,1),(572,'A-DC-EUD000083001','EARRING','','18K UURQR-YU-LUR',0.00,2000.00,0.00,1),(573,'A-DC-JRD000062001','RING','','18K JADE RING WITH DIAMOND ULYRQ-YU-OR',0.00,1500.00,0.00,1),(574,'A-SP-N12401','CHAIN','','WHITE TOPAZ CHAIN UKWY-YU-CR',0.00,485.00,0.00,1),(575,'A-SP-N13287','CHAIN','','HEART SHAPED WHITE TOPAZ WITH PEARL CHAIN UYOR-YU-CY',0.00,588.00,0.00,1),(576,'A-SP-N13283','CHAIN','','UYOR-YU-CY',0.00,588.00,0.00,1),(577,'A-SP-N13279','CHAIN','','WHITE GOLD W/OVAL UYOR-YU-CY',0.00,588.00,0.00,1),(578,'A-SP-N13281','CHAIN','','CHAIN WITH BIG PEARLS UYOR-YU-CY',0.00,588.00,0.00,3),(579,'A-SP-N08044','CHAIN','','UKNL-YU-UW',0.00,461.00,0.00,1),(580,'A-SP-N13284','CHAIN','','UYOR-YU-CY',0.00,588.00,0.00,1),(581,'A-SP-N13280','CHAIN','','OVAL W/PEARL UYOR-YU-CY',0.00,588.00,0.00,1),(582,'A-SP-N13286','CHAIN','','ROUND W/PEARL UYOR-YU-CY',0.00,588.00,0.00,1),(583,'A-SP-N13282','CHAIN','','PEARL W/PEARL UYOR-YU-CY',0.00,588.00,0.00,1),(584,'A-SP-N13288','CHAIN','','PEARL W/HEART UYOR-YU-CY',0.00,588.00,0.00,1),(585,'A-SP-E04061','EARRING','','PEARL EARRING UUWY-YU-LW',0.00,285.00,0.00,1),(586,'A-SP-E04023','EARRING','','PEARL EARRING UUEW-YU-LE',0.00,278.00,0.00,1),(587,'A-SP-E05038','EARRING','','PEARL EARRING ULCO-YU-WCUR',0.00,139.00,0.00,1),(588,'A-SP-N12366','CHAIN','','RUBY CHAIN UECE-YU-KY',0.00,737.00,0.00,1),(589,'A-SP-N11616','CHAIN','','UCLU-YU-LO',0.00,312.00,0.00,1),(590,'A-SP-N12407','CHAIN','','UUYE-YU-LN',0.00,257.00,0.00,1),(591,'A-SP-N13275','CHAIN','','UYRQ-YU-CR',0.00,500.00,0.00,1),(592,'A-GF-R3306-FR6793','RING','','18K WG DIAMOND RING UKURQ-YU-UYU',0.00,4200.00,0.00,1),(593,'A-GF-B737-FG3126','BANGLE','','18K YG DIAMOND BANGLE UECQK-YU-KCO',0.00,7334.00,0.00,1),(594,'A-GF-B737-FG3127','BANGLE','','18K RG DIAMOND BANGLE UECQK-YU-KCO',0.00,7334.00,0.00,1),(595,'A-GF-B737-FG3125','BANGLE','','18K WG DIAMOND BANGLE UECQK-YU-KCO',0.00,7334.00,0.00,1),(596,'A-GF-N475L-FN2273','NECKLACE','','18K WG SOUTH AFRICA RUBY DIA NK ULOLRY-YU-LQKCRQR',0.00,19105.00,0.00,3),(597,'A-GF-ER14070-FE6222','EARRING','','18K WG SOUTH AFRICA RUBY DIA ER UYRUE-YU-CRL',0.00,5027.00,0.00,3),(598,'A-GF-R4118-FR8109','RING','','18K WG SOUTH AFRICA RUBY DIA RG UQWRW-YU-LNW',0.00,2808.00,0.00,3),(599,'A-GF-ER1503-FE6001','EARRING','','18K WG SOUTH AFRICA RUBY DIA ER UNCYC-YU-CEW',0.00,6353.00,0.00,1),(600,'A-GF-R4241-FR7782','RING','','18K WG SOUTH AFRICA RUBY DIA RG UCWNR-YU-UCL',0.00,3860.00,0.00,1),(601,'A-GF-R4438-FR8033','RING','','18K WG SAPPHIRE RING UECYQ-YU-KQR',0.00,7355.00,0.00,4),(602,'A-GF-ER1603-FE6204','EARRING','','18K WG SAPPHIRE EARRING ULUQRW-YU-ECL',0.00,12208.00,0.00,4),(603,'A-GF-GRS2014-080057','CERTIFICATE','','GRS2014-080057 10SEP2014 ONE FACETED GEMSTONE NATURAL SAPPHIRE 2.54CT OVAL BLUE H SRI LANKA',0.00,0.00,0.00,1),(604,'A-GF-GRS2014-088053','CERTIFICATE','','GRS2014-088053 5AUG2014 A PAIR OF FACETED GEMSTONE 2 NATURAL SAPPHIRES 2.09CT OVAL CORNFLOWER BLUE H SRI LANKA',0.00,0.00,0.00,1),(605,'A-RJ-BTP34031006','BRACELET','','Dia./Pearl Bracelet UUQRW-YU-LCK',0.00,2208.00,0.00,1),(606,'A-RJ-BTP36029001','BRACELET','','Dia./Pearl Bracelet UUNER-YU-LNR',0.00,2666.00,0.00,1),(607,'A-RJ-NP33017021','NECKLACE','','Dia./Pearl/Sap Necklace UNWCY-YU-KRO',0.00,6831.00,0.00,1),(608,'A-RJ-NP36025001','NECKLACE','','Dia./Pearl/Sap./Tourmaline Necklace UEKOE-YU-KQO',0.00,7497.00,0.00,1),(609,'A-RJ-PP35018001','PENDANT','','Dia./Pearl/Sap./Tourmaline Pendant w/chain ULNQR-YU-LRQ',0.00,1658.00,0.00,1),(610,'A-BP-BEAD1','BRACELET','','BLACK DIAMOND BEADS BRACELET 18K GOLD UURQR-YU-LUR',0.00,2000.00,0.00,1),(611,'A-GD-202-3 527MM','NECKLACE','','FY.LG.GREENISH YELL-1.52 ULEQER-YU-LRNLKRQ',0.00,17749.00,0.00,1),(612,'A-GD-GRN 158','EARRING','','fy.greenish yell-2.11-2.08 UUWOWR-YU-LECQRQK',0.00,28980.00,0.00,1),(613,'A-GD-787NN220','RING','','fy.lg.greenish yell-1.78  ULQRUY-YU-NQR',0.00,11025.00,0.00,1),(614,'A-GD-66TNS77','RING','','fy.lg.pink(EGL Cert)-1.46 UWYRY-YU-YRO',0.00,8505.00,0.00,1),(615,'A-T1-DEK3821','EARRING','','18K RG DIA EARRING UUKER-YU-LKW',0.00,2470.00,0.00,1),(616,'A-T1-DEK3919','EARRING','','18K RG DIA EARRING ULYRQ-YU-OR',0.00,1500.00,0.00,1),(617,'A-T1-DEK3890','EARRING','','18K WG DIA EARRING UCKYR-YU-URE',0.00,3410.00,0.00,1),(618,'A-T1-DEK3864','EARRING','','18K WG DIA EARRING ULYUR-YU-WR',0.00,1520.00,0.00,1),(619,'A-T1-DEK3980','EARRING','','18K WG DIA EARRING UKYLR-YU-UER',0.00,4510.00,0.00,1),(620,'A-T1-DPK2195','PENDANT','','18K WG DIA PENDANT UUYOR-YU-LYQ',0.00,2590.00,0.00,1),(621,'A-DANGGLING','EARRING','','18K RG DANGGLING EARRING',0.00,0.00,0.00,3),(622,'A-LONGCHAIN','NECKLACE','','18K WG LONG CHAIN',0.00,0.00,0.00,3),(623,'A-STONE','DIAMOND','','1PC 5.02CTS',0.00,44176.00,0.00,3),(624,'A-OG-NK2640','','','NK W/EMERALD DIAMOND GWT: 8.63 18KT: 8.19 DWT: 1.14 STWT: 1.04',0.00,1900.00,0.00,3),(625,'A-ETERNITY','RING','','JEV-100 6D-4.40CTS D F VVS (0.25CT EACH) UEYRX-KW-KLY',0.00,0.00,0.00,4),(626,'A-VANCLEEF EARRING','EARRING','','VAN CLEEF EARRING RG UOR-ATY',0.00,0.00,0.00,4),(627,'A-FRED','BRACELET','','DCFR001F-4280 18K-7.65 64D-0.814 U-LQNR',0.00,0.00,0.00,4),(628,'M-SP-418380930','PENDANT','','HUKYUR-NYR #690 LEOR 26MM',0.00,0.00,0.00,4),(629,'M-SP-418381280','PENDANT','','HUKEOR NYR-30M #928 LWLR',0.00,0.00,0.00,4),(630,'A-BG','BANGLE','','18K YG BANGLE WITH DIAMOND, 18K WG BANGLE WITH DIAMOND',0.00,0.00,0.00,3),(631,'M-ROSARY1','BRACELET','','7\" ULRXR',0.00,0.00,0.00,3),(632,'M-ROSARY2','BRACELET','','7 1/2 ULRXR',0.00,0.00,0.00,3),(633,'M-ROSARY3','BRACELET','','8\'\' ULYRX',0.00,0.00,0.00,3),(634,'M-ROSARY4','BRACELET','','7\" P-UNRXR 12 BALLS 7.5MM',0.00,0.00,0.00,3),(635,'CHAINRG','CHAIN','','RG CHAIN',0.00,0.00,0.00,1),(636,'CHAINWG1','CHAIN','','WGCHAIN',0.00,0.00,0.00,3),(637,'CHAINWG2','CHAIN','','WGCHAIN',0.00,0.00,0.00,3),(638,'A-BANGLE','BANGLE','','18K RG BANGLE',0.00,0.00,0.00,3),(639,'A-ROSARY','BANGLE','','18K ROSARY RG 422888161 HUYELR-NYR  ',3.04,0.00,7500.00,3),(640,'A-ER','EARRING','','ANGEL WING EARRINGS',0.00,0.00,0.00,4),(641,'A-ER','EARRING','','ANGEL WING EARRINGS',0.00,0.00,0.00,1),(642,'A-CH1','CHAIN','','18K WG #417',4.17,0.00,0.00,3),(643,'A-CH2','CHAIN','','18K WG #1208',12.08,0.00,0.00,3),(644,'M-EDF10110-D','EARRING','','P-LQRRXR LUY LKRRXR 2RD 0.22CT 92RD 2.27CT 18KW-4.54G',4.54,0.00,0.00,-1),(645,'M-EDF10110-D','EARRING','','P-LQRRXR LUY LKRRXR 2RD 0.22CT 92RD 2.27CT 18KW-4.54G',4.54,0.00,0.00,4),(646,'A-SY-PD7483A004','PENDANT','','244D:5.08CTS 694D:3.09 CTS 35.71G UWYQR-YQ-KOY',0.00,0.00,0.00,4),(647,'A-BG1','BANGLE','','18K RG BANGLE',0.00,0.00,0.00,4),(648,'A-RG1','RING','','PR2056D3 UCOYR-YU-UKR 327 DIA 6.57',0.00,0.00,0.00,4),(649,'M-CH3','','','RG CHAIN #455',4.55,0.00,0.00,4),(650,'A-SY-RING','RING','','RG7655A001 RING   TD12-0.26CT DD14-0.37CT DD20-0.11CT',4.55,0.00,0.00,4),(651,'A-BG2','BANGLE','','18K WG BANGLE BG732A001 ULURXR',0.00,0.00,0.00,3),(652,'A-PD1CH2','PENDANT CHAIN','','18K WG PENDANT PDM14666 UNUQR-YR, 18K CHAIN WHITE SAPPHIRE E517WG 4.24 WTP 45.04 N9WTPWG(5M)',0.00,0.00,0.00,3),(653,'A-RUBY','SET','','1 SET RUBY ',0.00,0.00,0.00,3),(654,'A-PD1','PENDANT','','18K WG DIAMOND PENDANT',0.00,0.00,0.00,3),(655,'A-33766','EARRING','','18KW 14.75 24PD 0.71 330DIA 5.96 105 B.DIA 1.39',0.00,0.00,0.00,3),(656,'A-A0938-R5ZZ','BANGLE','','8BD-0.14 6MD-0.42 99RD-1.06 18KR 10.12GM SIZE 45*55MM 5SD-0.22 LQR',0.00,0.00,0.00,1),(657,'A-RING','RING','','18K RG RING 2DDC 0.27 3MDC 0.39 94RD1 0.82 5.54G OR',5.54,0.00,0.00,1),(658,'A-ER7326A012','RING','','18K TD184-2.22CT DD270-1.31CT TRICOLOR EARRING LEY',13.11,0.00,0.00,3),(659,'Pendant','PENDANT','','18k Rosegold Mystic Knot Pendant',0.00,0.00,0.00,3),(660,'jade earring','PENDANT','','18k Yellow Gold Jade Earring',0.00,0.00,0.00,3),(661,'M-RDF22943','RING','','66RD 1.03CT 8SCD 0.60CT 18KW 5.45G P-LUERXR LCR- LNYRXR',5.45,0.00,0.00,1),(662,'A-TM7436A001','RING','','DD120-1.99CT DD96-0.45CT 7.16G COLUMBIAN GREEN EMERALD LWQYRXZ',7.16,0.00,0.00,1),(663,'A-TMPENDANT','PENDANT','','PENDANT',0.00,0.00,0.00,1),(664,'A-TM7528A001','EARRING','','DD234-2.96CT DD180-0.94CT',11.80,0.00,0.00,1),(665,'A-N02261','NECKLACE','','7DDC 1.30 1 ORZ 1.67 305 RD1 2.45 15RDZ 1.58 22.95',22.95,0.00,0.00,1),(666,'M-R18072','RING','','R18072 E09087 N02261 P-EQYRXR 4DDC 0.69 1 ORZ 1.68 8RD1 0.45 64RD1 0.56',5.66,0.00,0.00,1),(667,'M-E09087','EARRING','','14DDC 2.31 2ORZ 3.27 176 RD1 2.01 2RDS 0.41',9.75,0.00,0.00,1),(668,'A-DIA1','SET','','DIAMOND SET',0.00,0.00,0.00,1),(669,'A-DIA2','SET','','DIAMOND SET',0.00,0.00,0.00,1),(670,'A-HEART','BRACELET','','HEART BRACELET',0.00,0.00,0.00,3),(671,'M-RDF9776','RING','','100RD 1.93CT 18KR 5.88G',5.88,0.00,0.00,3),(672,'A-EDP50581','PENDANT','','HAPPY HEART 431D6.99',10.44,0.00,0.00,3),(673,'A-66015-N502','CHAIN','','18K YG CHAIN UNYR-KW-CYWQR',10.44,0.00,0.00,3),(674,'A-NL7208D001','NECKLACE','','DD18-0.60CT ULOYR-KW-LQR',20.02,0.00,0.00,3),(675,'GIA1149067254','CERTIFICATE','','GIA 1149067254 MODIFIED SQUARE BRILLIANT 2.11CT NATURAL GREENISH YELLOW SI1 VG ',0.00,0.00,0.00,3),(676,'GIA2136991258','CERTIFICATE','','GIA 2136991258 MODIFIED SQUARE BRILLIANT 2.08CT NATURAL GREENISH YELLOW VG VS2  ',0.00,0.00,0.00,3),(677,'A-PEARL1','NECKLACE','','S7041705 65PCS P-CYLRXR 14.1 X 12.0 14.8 X 12.1',0.00,0.00,0.00,4),(678,'A-PEARL2','NECKLACE','','S555-5556 45D : 0.32CTS 12.1 - 10MM 81PCS UNOYR-YR-KRX',0.00,0.00,0.00,4),(679,'M-422889591','BRACELET','','HUYROR NYR #140 LWCR G-LUYR',1.40,0.00,0.00,3),(680,'M-422889592','BRACELET','','HUYROR NYR #141 LWCR G-LUYR',1.41,0.00,0.00,3),(681,'M-422889593','BRACELET','','HUYROR NYR #141 LWCR G-LUYR',1.41,0.00,0.00,3),(682,'M-422889594','BRACELET','','HUYROR NYR #142 LWCR G-LUYR',1.42,0.00,0.00,3),(683,'M-422889595','BRACELET','','HUYROR NYR #142 LWCR G-LUYR',1.42,0.00,0.00,3),(684,'M-422889596','BRACELET','','HUYROR NYR #140 LWCR G-LUYR',1.40,0.00,0.00,3),(685,'M-422889598','BRACELET','','HUYROR NYR #140 LWCR G-LUYR',1.40,0.00,0.00,3),(686,'M-422889597','BRACELET','','HUYROR NYR #140 LWCR G-LUYR',1.40,0.00,0.00,3),(687,'M-422889599','BRACELET','','HUYROR NYR #140 LWCR G-LUYR',1.40,0.00,0.00,3),(688,'M-4228895910','BRACELET','','HUYROR NYR #140 LWCR G-LUYR',1.40,0.00,0.00,3),(689,'A-GN542','NECKLACE','','GN542 UYQRX-YR-CUR',0.00,0.00,0.00,3),(690,'A-JADE','EARRING','','18K ROSE GOLD JADE EARRING',0.00,0.00,0.00,3),(691,'A-RDF20334','RING','','131RD 2.92CT 18KW 7.91GM UUOYR-KW-LNY',7.91,0.00,0.00,3),(692,'A-GOLD','BRACELET','','GOLD LINKS',0.00,0.00,0.00,3),(693,'A-CARTIER','BRACELET','','18K YG CARTIER BRACELET',0.00,0.00,0.00,3),(694,'A-SY-NL7234A003','NECKLACE','','TD190-4.42CT DD418-5.88CT UOQRX-YU-YOR',30.90,0.00,0.00,3),(695,'A-SY-ER57226A003','EARRING','','DD78-5.61CT DD114-0.58CT 10.78G UEOYR-KW-KYR',10.78,0.00,0.00,3),(696,'A-ER2A20998','EARRING','','UEOYR-KW-KCWQKR',0.00,0.00,0.00,3),(697,'A-TDE02466-E','EARRING','','18KRB 13.73 205PSA 10.15 175DIA-E 3.32 UCWYR-KW-ULR',0.00,0.00,0.00,3),(698,'A-TDE02466-E','EARRING','','18KRB 13.73 205PSA 10.15 175DIA-E 3.32 UCWYR-KW-ULR',0.00,0.00,0.00,-1),(699,'A-SY-ER6149A007','EARRING','','TD24-0.87CT DD128-2.84CT DD8-0.05CT UCRXQ-KW-LNR',9.49,0.00,0.00,3),(700,'A-SY-PD6216A003','NECKLACE','','TD10-0.65CT DD16-0.24CT DD128-0.86CT ULOYR-KW-LQR 5.35G',5.35,0.00,0.00,3),(701,'A-SY-RG6200A006','RING','','TD10-0.68CT DD48-0.52CT DD112-0.78CT UUOYR-KW-LNY',7.09,0.00,0.00,3),(702,'A-RING2','RING','','REPAIR',7.09,0.00,0.00,3),(703,'A-CERT','CERTIFICATE','','GIA#6221328573 ROUND BRILLIANT 5.34CT J VVS1 EXCELLENT',0.00,0.00,0.00,3),(704,'A-CERT1','CERTIFICATE','','#14042575008 BRILLIANT 5.34CT I VVS1 EXCELLENT',0.00,0.00,0.00,3),(705,'A-SY-ER7498A003','EARRING','','DD262-6.25CT DD492-2.54CT 20.93G',20.93,0.00,0.00,3),(706,'A-SY-ER7498A003','EARRING','','DD262-6.25CT DD492-2.54CT 20.93G',20.93,0.00,0.00,-1),(707,'A-ER1','EARRING','','UOWYR-KW-YQRZRX',0.00,0.00,0.00,3),(708,'A-STONE1','DIAMOND','','1 PAIR OF STONE 3.01CT EACH G NO CERT VS1',0.00,0.00,0.00,3),(709,'A-STONE2','DIAMOND','','3.01CT G NO CERT VS1',0.00,0.00,0.00,-1),(710,'A-SY-ER7386','EARRING','','DD186-9.07CT DD284-2.04CT PAPRS 18.83G UWQOK-YU-YCU',18.83,8894.00,0.00,3),(711,'A-SY-ER7207','EARRING','','DD22-0.91CT 9.75G ULUQL-YU-EY',9.75,1222.00,0.00,3),(712,'A-R1','RING','','RESIZE AND SET',0.00,0.00,0.00,3),(713,'A-R2','RING','','RESIZE',0.00,0.00,0.00,3),(714,'A-BG6437A008','BANGLE','','DD67-3.36CT UUWYE-YU-LER',12.99,2857.00,0.00,3),(715,'A-PD7150D007','PENDANT','','DD80-0.96CT 7.44G ULREN-YU-NY',7.44,1086.00,0.00,3),(716,'A-NL7707A001','NECKLACE','','DD1-1.004CT UCRQ-YU-LW',0.56,300.00,0.00,3),(717,'A-VANCLEEF','NECKLACE','','VANCLEEF NECKLACE',0.00,0.00,0.00,1),(718,'A-BANGLE','BANGLE','','BANGLE',0.00,0.00,0.00,1),(719,'GIA5172966525','CERTIFICATE','','#5172966525 ROUND BRILLIANT 1.00CT F VS1 EXCELLENT ',0.00,0.00,0.00,3),(720,'A-SY-BG7911','BANGLE','','#18 ROSE GOLD BANGLE ULNQY-YU-OQ',31.55,1665.00,0.00,3),(721,'A-UR00479','RING','','3 OD 0.58CT 24SCD 0.81CT UUYQR-KW-LKR',3.60,0.00,0.00,3),(722,'A-NECKLACE','NECKLACE','','18K RG NECKLACE',0.00,0.00,0.00,1),(723,'A-VANCLEEF','NECKLACE','','18KY 27.73 110CM ',27.73,0.00,0.00,3),(724,'A-LOCK1','LOCK','','64D-0.809CTS',7.56,0.00,0.00,3),(725,'A-LOCK2','LOCK','','64D-0.816CTS',7.59,0.00,0.00,3),(726,'A-HEART','BRACELET','','HEART BRACELET',0.00,0.00,0.00,3),(727,'A-BANGLE','BANGLE','','REPAIR BANGLE',0.00,0.00,0.00,3),(728,'A01510-W15K-0054614','BANGLE','','18K WG SOUTH SEA PEARL AND DIAMOND BANGLE 192D:1.11CTS 1WP:13.5MM',16.13,0.00,0.00,3),(729,'BLACK PEARL W/DIA','BANGLE','','BLACK PEAR WITH DIAMONDS',0.00,0.00,0.00,3),(730,'BLACK PEARL W/DIA','BANGLE','','BLACK PEAR WITH DIAMONDS',0.00,0.00,0.00,3),(731,'EMERALD RING','RING','','EMERALD RING',0.00,0.00,0.00,3),(732,'YELLOW BRACELET','BRACELET','','18KYG YELLOW BRACELET UYQRK-KW-CLR 51YS-13.89 1FD-0.01',0.00,0.00,0.00,3),(733,'SOUTH SEA PEARL RING','RING','','SOUTH SEA PEARL RING R17174-P-EURXR ISSP-15.5MM 6D:0.57CTS 14D:0.86CTS',0.00,0.00,0.00,3),(734,'REM1024B','RING','','EMERALD DIAMOND RING IN 18K BLACK GOLD 7.70CTS',5.26,0.00,0.00,3),(735,'ER71590001','EARRING','','18KWG EARRING UKNYR-KW-UYNRXZ D186-4.58CTS',16.77,0.00,0.00,3),(736,'PENDANT','PENDANT','','ING18K INITIAL PENDANT (L) BIG PDC1973-P-LCNRX 37D-0.34-LYRXR',0.00,0.00,0.00,3),(737,'LINKS','BRACELET','','18K LINKS DIAMOND BRACELET 10CTS PLUS DIAMOND',0.00,0.00,0.00,3),(738,'PANDA BEAR CHARM','CHARM','','PANDA BEAR LUOYR',0.00,0.00,0.00,3),(739,'GUITAR CHARM','CHARM','','GUITAR UORXR',0.00,0.00,0.00,3),(740,'YELLOW HEART CHARM','CHARM','','YELLOW HEART ',0.00,0.00,0.00,3),(741,'GREEN HEART CHARM','CHARM','','GREEN HEART ',0.00,0.00,0.00,3),(742,'PIAGETWATCH','WATCH','','18K WG PIAGET WATCH REPAIR ',0.00,0.00,0.00,3),(743,'CHAIN BRACELET','BRACELET','','18K YG CHAIN BRACELET BL57424A002  DD462-11.93CT',63.23,0.00,0.00,3),(744,'ROSARY','BRACELET','','ROSARY BRACELET TWO TONE URYRX MY',0.00,0.00,0.00,3);
/*!40000 ALTER TABLE `inventory` ENABLE KEYS */;
UNLOCK TABLES;

--
-- Table structure for table `messages`
--

DROP TABLE IF EXISTS `messages`;
/*!40101 SET @saved_cs_client     = @@character_set_client */;
/*!40101 SET character_set_client = utf8 */;
CREATE TABLE `messages` (
  `ID` int(11) NOT NULL AUTO_INCREMENT,
  `Message` varchar(1000) NOT NULL,
  `Type` int(11) NOT NULL,
  PRIMARY KEY (`ID`)
) ENGINE=MyISAM AUTO_INCREMENT=3 DEFAULT CHARSET=latin1;
/*!40101 SET character_set_client = @saved_cs_client */;

--
-- Dumping data for table `messages`
--

LOCK TABLES `messages` WRITE;
/*!40000 ALTER TABLE `messages` DISABLE KEYS */;
INSERT INTO `messages` VALUES (1,'Changes: (1) Applied encryption to maximize security on users. (2) WH Logo is applied on both site and receipt. (4) Updated about page (3) Remove Tangent PH traces',3),(2,'Major Update: (1) Change Image Manipulation to enhance speed',3);
/*!40000 ALTER TABLE `messages` ENABLE KEYS */;
UNLOCK TABLES;

--
-- Table structure for table `particular`
--

DROP TABLE IF EXISTS `particular`;
/*!40101 SET @saved_cs_client     = @@character_set_client */;
/*!40101 SET character_set_client = utf8 */;
CREATE TABLE `particular` (
  `ID` int(11) NOT NULL AUTO_INCREMENT,
  `Transaction` int(11) NOT NULL,
  `Inventory` int(11) NOT NULL,
  `Type` int(11) NOT NULL COMMENT '1 for buy, 2 for borrow, 3 for sell',
  `Amount` decimal(10,2) NOT NULL,
  `Mark` int(11) NOT NULL,
  PRIMARY KEY (`ID`)
) ENGINE=InnoDB AUTO_INCREMENT=1081 DEFAULT CHARSET=latin1;
/*!40101 SET character_set_client = @saved_cs_client */;

--
-- Dumping data for table `particular`
--

LOCK TABLES `particular` WRITE;
/*!40000 ALTER TABLE `particular` DISABLE KEYS */;
INSERT INTO `particular` VALUES (45,36,30,1,0.00,-1),(46,36,31,1,4040.00,2),(47,36,32,1,4040.00,2),(48,36,33,1,4749.00,2),(49,36,34,1,4011.00,2),(50,36,35,1,4040.00,2),(51,36,36,1,10651.00,2),(52,36,37,1,4378.00,2),(53,36,38,1,10242.00,2),(54,36,39,1,2629.00,2),(55,36,40,1,1466.00,2),(56,36,41,1,5783.00,2),(57,36,42,1,2023.00,2),(58,36,43,1,2466.00,2),(59,36,44,1,3239.00,2),(60,36,45,1,2933.00,2),(61,36,46,1,3328.00,2),(62,36,47,1,2936.00,2),(63,36,48,1,6134.00,2),(64,36,49,1,9579.00,-1),(65,36,50,1,9579.00,2),(66,36,51,1,9579.00,-1),(67,36,52,1,9579.00,2),(68,36,53,1,1383.00,2),(69,36,54,1,2832.00,2),(70,36,55,1,3574.00,2),(71,36,56,1,1711.00,2),(72,36,57,1,3767.00,2),(73,36,58,1,4250.00,2),(74,36,59,1,4303.00,2),(75,36,60,1,1661.00,2),(76,36,61,1,391.00,2),(77,36,62,1,391.00,-1),(78,36,63,1,3356.00,2),(79,36,64,1,12559.00,2),(80,36,65,1,4670.00,2),(81,36,66,1,2081.00,2),(82,36,67,1,4256.00,2),(83,36,68,1,2984.00,2),(84,36,69,1,8698.00,2),(85,36,70,1,10829.00,2),(86,36,71,1,3751.00,2),(87,36,72,1,7097.00,2),(88,36,73,1,3675.00,2),(89,36,74,1,10905.00,2),(90,36,75,1,3871.00,2),(91,36,76,1,3514.00,2),(92,36,77,1,3242.00,2),(93,36,78,1,5370.00,2),(94,36,79,1,6595.00,2),(95,36,80,1,6595.00,2),(96,36,81,1,6090.00,2),(97,36,82,1,1466.00,2),(98,36,83,1,5783.00,2),(99,36,84,1,2023.00,2),(100,36,85,1,7487.00,2),(101,36,86,1,3763.00,2),(102,36,87,1,9188.00,2),(103,36,88,1,1186.00,2),(104,36,89,1,1405.00,2),(105,36,90,1,13048.00,2),(106,36,91,1,9052.00,2),(107,36,92,1,3959.00,-1),(108,36,93,1,3959.00,2),(109,36,94,1,3959.00,2),(110,36,95,1,3959.00,2),(111,37,96,1,1197.00,1),(112,37,97,1,1064.00,1),(113,37,98,1,2375.00,1),(114,37,99,1,3287.00,1),(115,37,100,1,20577.00,1),(116,37,101,1,6755.00,1),(117,37,102,1,4408.00,1),(118,37,103,1,5092.00,1),(119,37,104,1,9947.00,1),(120,37,105,1,5092.00,1),(121,37,106,1,6536.00,1),(122,37,107,1,6460.00,1),(123,37,108,1,5130.00,1),(124,38,109,1,5904.00,-1),(125,38,110,1,5904.00,2),(126,38,111,1,4950.00,2),(127,39,112,1,5904.00,1),(128,39,113,1,4950.00,1),(129,39,114,1,5652.00,1),(130,39,115,1,15624.00,1),(131,40,116,1,1063.00,2),(132,40,117,1,1337.00,2),(133,40,118,1,4889.00,2),(134,40,119,1,2796.00,2),(135,41,120,1,3000.00,-1),(136,41,121,1,3000.00,1),(137,41,122,1,2450.00,1),(138,41,123,1,4300.00,1),(139,41,124,1,5200.00,1),(140,41,125,1,10700.00,1),(141,41,126,1,1600.00,1),(142,41,127,1,2200.00,-1),(143,41,128,1,2200.00,1),(144,41,129,1,2600.00,1),(145,41,130,1,2000.00,1),(146,41,131,1,17000.00,1),(147,41,132,1,7500.00,1),(148,41,133,1,2300.00,1),(149,41,134,1,5950.00,1),(150,41,135,1,2900.00,1),(151,41,136,1,2300.00,1),(152,41,137,1,3200.00,1),(153,41,138,1,4500.00,1),(154,41,139,1,3580.00,1),(155,41,140,1,5950.00,1),(156,41,141,1,2500.00,-1),(157,41,142,1,2500.00,1),(158,41,143,1,7300.00,1),(159,41,144,1,4000.00,1),(160,41,145,1,1300.00,1),(161,41,146,1,750.00,1),(162,41,147,1,1700.00,1),(163,41,148,1,1800.00,1),(164,41,149,1,4000.00,1),(165,41,150,1,5700.00,1),(166,41,151,1,5700.00,1),(167,41,152,1,1700.00,1),(168,41,153,1,1700.00,1),(169,43,154,1,3880.00,2),(170,43,155,1,4030.00,-1),(171,43,156,1,4030.00,2),(172,43,157,1,3090.00,2),(173,43,158,1,1460.00,2),(174,43,159,1,6120.00,-1),(175,43,160,1,6120.00,2),(176,43,161,1,3540.00,2),(177,43,162,1,8040.00,2),(178,43,163,1,1020.00,2),(179,43,164,1,970.00,2),(180,43,165,1,4280.00,2),(181,43,166,1,890.00,2),(182,45,167,1,1000.00,-1),(183,45,168,1,1200.00,-1),(184,46,168,3,5000.00,-1),(185,47,167,2,2500.00,-1),(186,46,168,3,5000.00,-1),(187,47,167,2,2500.00,-1),(188,48,169,1,2000.00,-1),(189,49,167,4,0.00,-1),(190,50,170,1,780.00,1),(191,50,171,1,780.00,1),(192,50,172,1,780.00,1),(193,50,173,1,780.00,1),(194,50,174,1,670.00,1),(195,50,175,1,670.00,1),(196,50,176,1,670.00,1),(197,50,177,1,670.00,1),(198,50,178,1,39000.00,1),(199,44,179,1,3800.00,1),(200,52,180,1,1000.00,2),(201,36,181,1,8492.00,2),(202,36,182,1,11302.00,2),(203,36,183,1,7984.00,2),(204,57,184,1,0.00,1),(205,58,184,3,0.00,1),(206,36,185,1,3418.00,2),(207,36,186,1,1590.00,2),(208,36,187,1,1590.00,2),(209,36,188,1,1590.00,2),(210,59,189,1,0.00,-1),(211,59,190,1,0.00,-1),(212,63,191,1,1000.00,2),(213,59,192,1,3850.00,1),(214,59,193,1,6050.00,-1),(215,59,194,1,6950.00,1),(216,65,192,2,330.00,-1),(217,65,194,2,65000000.00,-1),(218,65,194,2,65000000.00,-1),(219,65,192,2,330000.00,1),(220,65,194,2,650000.00,1),(221,68,195,1,0.00,1),(222,68,196,1,0.00,1),(223,69,195,3,0.00,1),(224,69,196,3,0.00,1),(225,70,197,1,0.00,1),(226,69,197,3,2600000.00,1),(227,71,198,1,5656.00,1),(228,72,198,3,363600.00,1),(229,73,199,1,0.00,1),(230,74,199,3,1280000.00,1),(231,75,200,1,1200.00,2),(232,40,201,1,1584.00,2),(233,40,202,1,4834.00,2),(234,40,203,1,4207.00,2),(235,40,204,1,1169.00,2),(236,40,205,1,3919.00,2),(237,40,206,1,3773.00,2),(238,40,207,1,5134.00,2),(239,40,208,1,4944.00,2),(240,40,209,1,2525.00,2),(241,40,210,1,593.00,2),(242,40,211,1,5388.00,2),(243,40,212,1,5424.00,2),(244,40,213,1,5398.00,2),(245,40,214,1,2775.00,2),(246,40,215,1,2803.00,2),(247,40,216,1,1349.00,2),(248,40,217,1,463.00,2),(249,44,218,1,3500.00,1),(250,44,219,1,2500.00,1),(251,44,220,1,1850.00,1),(252,44,221,1,2200.00,1),(253,44,222,1,2200.00,1),(254,44,223,1,3100.00,1),(255,44,224,1,3100.00,1),(256,44,225,1,6850.00,1),(257,44,226,1,5250.00,1),(258,44,227,1,4600.00,1),(259,44,228,1,14700.00,1),(260,82,229,1,0.00,1),(261,83,229,3,1280000.00,1),(262,85,230,1,1000.00,1),(263,87,230,3,1300.00,1),(264,88,134,2,1300.00,1),(265,89,134,4,0.00,1),(266,93,231,1,0.00,1),(267,93,232,1,0.00,1),(268,93,233,1,0.00,1),(269,93,234,1,0.00,1),(270,93,235,1,0.00,1),(271,95,231,3,145000.00,1),(272,95,232,3,150000.00,1),(273,95,235,3,400000.00,-1),(274,96,233,2,2600000.00,-1),(275,96,234,2,188000.00,1),(276,95,224,3,280000.00,1),(277,97,236,1,0.00,1),(278,96,236,2,480000.00,-1),(279,96,235,2,385000.00,-1),(280,96,235,2,388000.00,1),(281,96,233,2,2550000.00,1),(282,95,236,3,475000.00,-1),(283,95,112,3,475000.00,-1),(284,95,236,3,475000.00,1),(285,84,237,1,40000.00,1),(286,84,238,1,14000.00,1),(287,84,239,1,11000.00,1),(288,99,238,3,950000.00,-1),(289,99,239,3,955000.00,-1),(290,100,237,3,3200000.00,1),(291,103,240,1,2266.00,1),(292,103,241,1,2486.00,1),(293,103,242,1,337.00,1),(294,103,243,1,2068.00,1),(295,103,244,1,638.00,1),(296,103,245,1,396.00,1),(297,103,246,1,715.00,1),(298,103,247,1,902.00,1),(299,103,248,1,418.00,1),(300,103,249,1,880.00,1),(301,103,250,1,803.00,1),(302,103,251,1,1628.00,1),(303,103,252,1,1628.00,1),(304,103,253,1,3344.00,1),(305,103,254,1,957.00,1),(306,103,255,1,440.00,1),(307,103,256,1,396.00,1),(308,103,257,1,385.00,1),(309,103,258,1,1584.00,1),(310,103,259,1,1496.00,1),(311,103,260,1,1298.00,1),(312,103,261,1,286.00,1),(313,103,262,1,1386.00,1),(314,103,263,1,1287.00,1),(315,103,264,1,1287.00,-1),(316,103,265,1,931.00,1),(317,103,266,1,931.00,-1),(318,103,267,1,528.00,1),(319,103,268,1,2827.00,1),(320,104,269,1,454.00,1),(321,104,270,1,2435.00,1),(322,104,271,1,2363.00,1),(323,104,272,1,5270.00,1),(324,104,273,1,482.00,1),(325,104,274,1,322.00,1),(326,104,275,1,1280.00,1),(327,104,276,1,221.00,1),(328,104,277,1,436.00,1),(329,104,278,1,263.00,1),(330,104,279,1,263.00,1),(331,104,280,1,265.00,1),(332,104,281,1,407.00,1),(333,104,282,1,419.00,1),(334,104,283,1,184.00,1),(335,104,284,1,203.00,1),(336,104,285,1,191.00,1),(337,104,286,1,670.00,1),(338,104,287,1,634.00,1),(339,104,288,1,1046.00,1),(340,104,289,1,616.00,1),(341,104,290,1,850.00,1),(342,104,291,1,963.00,1),(343,104,292,1,756.00,1),(344,104,293,1,356.00,1),(345,104,294,1,364.00,1),(346,104,295,1,358.00,1),(347,104,296,1,1566.00,1),(348,104,297,1,4088.00,1),(349,104,298,1,164.00,1),(350,104,299,1,263.00,1),(351,104,300,1,844.00,1),(352,104,301,1,270.00,1),(353,104,302,1,1129.00,1),(354,104,303,1,410.00,1),(355,104,304,1,1485.00,1),(356,104,305,1,142.00,1),(357,104,306,1,142.00,1),(358,104,307,1,515.00,1),(359,104,308,1,175.00,1),(360,104,309,1,331.00,1),(361,104,310,1,232.00,1),(362,104,311,1,108.00,1),(363,104,312,1,149.00,1),(364,104,313,1,1096.00,1),(365,104,314,1,608.00,1),(366,104,315,1,481.00,1),(367,104,316,1,495.00,1),(368,104,317,1,662.00,1),(369,104,318,1,1364.00,1),(370,104,319,1,2075.00,1),(371,104,320,1,2632.00,1),(372,104,321,1,986.00,1),(373,104,322,1,2020.00,1),(374,104,323,1,2043.00,1),(375,104,324,1,646.00,1),(376,104,325,1,2318.00,1),(377,104,326,1,1121.00,1),(378,104,327,1,499.00,1),(379,104,328,1,1375.00,1),(380,104,329,1,1408.00,1),(381,107,330,1,1800.00,1),(382,107,331,1,4986.00,1),(383,107,332,1,2916.00,1),(384,107,333,1,2934.00,1),(385,107,334,1,3474.00,1),(386,107,335,1,1512.00,1),(387,107,336,1,3276.00,1),(388,107,337,1,2124.00,1),(389,107,338,1,2754.00,1),(390,107,339,1,1242.00,1),(391,107,340,1,5688.00,1),(392,107,341,1,4032.00,1),(393,107,342,1,2088.00,1),(394,107,343,1,3042.00,1),(395,107,344,1,2250.00,1),(396,107,345,1,4680.00,1),(397,110,346,1,7651.00,1),(398,110,347,1,10625.00,1),(399,110,348,1,2539.00,1),(400,110,349,1,2387.00,1),(401,111,350,1,6688.00,1),(402,110,351,1,3119.00,1),(403,111,352,1,9063.00,1),(404,110,353,1,2361.00,1),(405,111,354,1,5700.00,1),(406,110,355,1,2361.00,1),(407,111,356,1,3762.00,1),(408,110,357,1,2361.00,1),(409,111,358,1,4636.00,1),(410,110,359,1,1260.00,1),(411,110,360,1,1405.00,1),(412,111,361,1,6048.00,1),(413,110,362,1,1031.00,1),(414,111,363,1,3819.00,1),(415,110,364,1,1904.00,1),(416,110,365,1,5464.00,1),(417,111,366,1,4560.00,1),(418,110,367,1,2516.00,1),(419,111,368,1,21749.00,1),(420,110,369,1,10641.00,1),(421,111,370,1,3971.00,1),(422,110,371,1,2639.00,1),(423,110,372,1,5064.00,1),(424,110,373,1,1891.00,1),(425,110,374,1,3798.00,-1),(426,110,375,1,3798.00,1),(427,110,376,1,11550.00,1),(428,110,377,1,2716.00,1),(429,110,378,1,6511.00,1),(430,110,379,1,6459.00,1),(431,110,380,1,2764.00,1),(432,112,381,1,5500.00,1),(433,112,382,1,49100.00,1),(434,112,383,1,3246.00,1),(435,112,384,1,1850.00,1),(436,112,385,1,38300.00,1),(437,112,386,1,900.00,1),(438,110,387,1,5206.00,1),(439,110,388,1,7925.00,1),(440,110,389,1,4166.00,1),(441,110,390,1,1791.00,1),(442,112,391,1,11500.00,1),(443,110,392,1,3044.00,1),(444,112,393,1,6070.00,1),(445,110,394,1,9236.00,1),(446,110,395,1,6215.00,1),(447,112,396,1,1900.00,1),(448,110,397,1,14526.00,1),(449,110,398,1,13602.00,1),(450,110,399,1,1476.00,1),(451,110,400,1,6678.00,1),(452,112,401,1,1890.00,1),(453,112,402,1,3000.00,1),(454,112,403,1,24865.00,1),(455,117,404,1,0.00,1),(456,119,405,1,0.00,1),(457,120,405,3,96000.00,1),(458,121,402,3,240000.00,-1),(459,121,401,3,146500.00,1),(460,123,386,2,92000.00,1),(461,125,376,3,735000.00,1),(462,128,406,1,2000.00,1),(463,129,406,2,145000.00,1),(464,132,407,1,0.00,1),(465,133,407,3,0.00,1),(466,135,408,1,260.00,1),(467,135,409,1,4509.00,1),(468,137,408,3,0.00,-1),(469,138,408,3,23800.00,2),(470,139,410,1,0.00,1),(471,142,411,1,23800.00,1),(472,143,411,3,23800.00,1),(473,143,410,3,0.00,1),(474,144,412,1,1550.00,1),(475,144,413,1,1980.00,1),(476,144,414,1,1980.00,-1),(477,144,415,1,2693.00,1),(478,145,416,1,3240.00,1),(479,147,406,4,128000.00,-1),(480,147,406,4,128000.00,-1),(481,147,406,4,0.00,1),(482,148,416,3,128000.00,-1),(483,148,406,3,128000.00,1),(484,150,143,3,90.00,-1),(485,151,102,2,90.00,2),(486,152,101,3,90.00,2),(487,153,386,4,1.00,-1),(488,156,417,1,0.00,1),(489,156,418,1,0.00,1),(490,156,419,1,0.00,1),(491,157,418,3,55000.00,1),(492,157,417,3,0.00,1),(493,157,419,3,0.00,1),(494,157,400,3,420000.00,1),(495,158,420,1,8000.00,1),(496,160,420,2,520000.00,1),(497,162,392,3,180000.00,1),(498,162,409,3,250000.00,-1),(499,162,396,3,140000.00,1),(500,163,421,1,0.00,-1),(501,163,422,1,0.00,1),(502,163,423,1,0.00,1),(503,160,402,2,195000.00,1),(504,160,423,2,135000.00,1),(505,160,100,2,1400000.00,-1),(506,160,422,2,1400000.00,1),(507,160,388,2,530000.00,1),(508,160,409,2,250000.00,1),(509,160,399,2,110000.00,1),(510,165,424,1,2250.00,1),(511,166,424,3,180000.00,-1),(512,166,424,3,180000.00,-1),(513,166,424,3,180000.00,1),(514,166,363,3,270000.00,1),(515,167,425,1,5007.00,1),(516,169,426,1,24400.00,1),(517,169,427,1,0.00,1),(518,169,428,1,1250.00,1),(519,169,429,1,535.00,1),(520,169,430,1,295.00,1),(521,169,431,1,0.00,1),(522,169,432,1,0.00,1),(523,169,433,1,0.00,-1),(524,171,425,3,385000.00,-1),(525,171,427,3,1850000.00,-1),(526,171,429,3,55000.00,1),(527,171,430,3,15000.00,1),(528,171,390,3,155000.00,1),(529,171,428,3,85000.00,1),(530,171,426,3,50000.00,1),(531,172,431,2,285000.00,1),(532,172,432,2,2850000.00,1),(533,173,434,1,0.00,1),(534,166,434,3,900000.00,1),(535,175,435,1,0.00,1),(536,171,425,3,350000.00,1),(537,171,427,3,1440000.00,1),(538,178,436,1,0.00,1),(539,178,437,1,0.00,1),(540,180,436,3,0.00,1),(541,180,437,3,135000.00,1),(542,181,435,3,15000.00,1),(543,186,438,1,0.00,1),(544,186,439,1,0.00,1),(545,188,438,3,0.00,1),(546,188,439,3,135000.00,1),(547,190,440,1,535.00,1),(548,190,441,1,360.00,1),(549,191,442,1,9800.00,1),(550,191,443,1,11000.00,1),(551,191,444,1,15000.00,1),(552,191,445,1,40000.00,1),(553,191,446,1,9500.00,1),(554,191,447,1,9000.00,1),(555,191,448,1,35000.00,1),(556,191,449,1,9200.00,1),(557,191,450,1,7500.00,1),(558,191,451,1,3500.00,1),(559,191,452,1,25000.00,1),(560,191,453,1,7500.00,1),(561,191,454,1,7500.00,-1),(562,193,455,1,13500.00,1),(563,193,456,1,22500.00,1),(564,193,457,1,5800.00,1),(565,193,458,1,6400.00,1),(566,193,459,1,12800.00,1),(567,193,460,1,20800.00,1),(568,193,461,1,7200.00,1),(569,193,462,1,4000.00,1),(570,194,463,1,1464.00,1),(571,194,464,1,1553.00,1),(572,194,465,1,550.00,1),(573,194,466,1,3687.00,1),(574,194,467,1,1287.00,1),(575,194,468,1,1275.00,1),(576,194,469,1,2177.00,1),(577,194,470,1,1762.00,1),(578,194,471,1,910.00,1),(579,194,472,1,2158.00,1),(580,194,473,1,5007.00,1),(581,194,474,1,1572.00,1),(582,194,475,1,639.00,1),(583,194,476,1,7995.00,1),(584,194,477,1,1303.00,1),(585,197,357,3,178000.00,1),(586,197,355,3,178000.00,1),(587,197,353,3,178000.00,1),(588,197,358,3,320000.00,1),(589,198,478,1,0.00,1),(590,198,479,1,0.00,-1),(591,198,480,1,0.00,1),(592,198,481,1,0.00,1),(593,198,482,1,0.00,1),(594,198,483,1,0.00,1),(595,198,484,1,0.00,1),(596,198,485,1,0.00,1),(597,198,486,1,0.00,1),(598,197,478,3,0.00,1),(599,201,481,3,0.00,1),(600,201,480,3,0.00,1),(601,203,487,1,257.00,1),(602,203,488,1,0.00,1),(603,203,489,1,0.00,1),(604,204,487,2,45000.00,1),(605,204,378,2,495000.00,1),(606,204,489,2,450000.00,1),(607,205,490,1,0.00,1),(608,205,491,1,0.00,1),(609,204,490,2,320000.00,1),(610,204,491,2,50000.00,1),(611,207,356,3,265000.00,-1),(612,208,492,1,0.00,1),(613,209,492,3,0.00,1),(614,209,366,3,300000.00,1),(615,210,493,1,0.00,1),(616,212,493,3,0.00,1),(617,213,494,1,1409.00,1),(618,213,495,1,1412.00,1),(619,213,496,1,1426.00,1),(620,215,494,2,120000.00,1),(621,215,495,2,120000.00,1),(622,215,496,2,120000.00,1),(623,217,497,1,0.00,1),(624,217,498,1,2000.00,1),(625,217,499,1,0.00,1),(626,217,500,1,0.00,1),(627,217,501,1,0.00,1),(628,217,502,1,0.00,1),(629,217,503,1,0.00,1),(630,217,504,1,0.00,1),(631,217,505,1,0.00,1),(632,217,506,1,0.00,1),(633,218,505,2,2850000.00,1),(634,218,506,2,480000.00,1),(635,218,394,2,850000.00,-1),(636,218,394,2,850000.00,-1),(637,218,394,2,850000.00,1),(638,218,497,2,340000.00,1),(639,218,498,2,260000.00,1),(640,218,504,2,360000.00,1),(641,218,501,2,210000.00,1),(642,218,503,2,165000.00,1),(643,218,500,2,195000.00,1),(644,218,502,2,200000.00,1),(645,218,499,2,230000.00,1),(646,218,375,2,295000.00,1),(647,220,238,3,0.00,2),(648,221,507,1,2880.00,1),(649,221,508,1,2100.00,1),(650,221,509,1,1453.00,1),(651,221,510,1,8000.00,1),(652,221,511,1,8000.00,-1),(653,223,512,1,0.00,1),(654,223,513,1,0.00,1),(655,223,514,1,0.00,1),(656,223,515,1,0.00,1),(657,223,516,1,0.00,1),(658,223,517,1,0.00,1),(659,224,517,3,380000.00,2),(660,225,516,2,950000.00,1),(661,225,514,2,5400000.00,1),(662,225,515,2,695000.00,1),(663,225,513,2,208000.00,1),(664,225,512,2,695000.00,1),(665,226,518,1,0.00,1),(666,226,519,1,0.00,1),(667,225,519,2,380000.00,1),(668,225,518,2,985000.00,1),(669,231,520,1,2477.00,1),(670,231,521,1,3077.00,1),(671,231,522,1,1811.00,1),(672,231,523,1,3658.00,1),(673,231,524,1,2542.00,1),(674,233,525,1,1826.00,1),(675,233,526,1,1772.00,1),(676,233,527,1,1817.00,1),(677,233,528,1,1409.00,1),(678,233,529,1,1412.00,1),(679,233,530,1,1426.00,1),(680,233,531,1,1333.00,1),(681,233,532,1,1333.00,1),(682,233,533,1,1329.00,1),(683,233,534,1,1137.00,1),(684,233,535,1,1121.00,1),(685,234,536,1,4284.00,1),(686,233,537,1,1140.00,1),(687,233,538,1,1773.00,1),(688,234,539,1,2304.00,1),(689,233,540,1,1776.00,1),(690,233,541,1,1738.00,1),(691,234,542,1,3996.00,1),(692,233,543,1,2872.00,1),(693,233,544,1,2022.00,1),(694,234,545,1,2718.00,1),(695,233,546,1,2109.00,1),(696,234,547,1,4356.00,1),(697,234,548,1,13392.00,1),(698,234,549,1,7056.00,1),(699,235,550,1,30000.00,1),(700,234,551,1,30160.00,1),(701,235,552,1,10000.00,1),(702,234,553,1,5590.00,1),(703,234,554,1,7250.00,1),(704,235,555,1,12000.00,1),(705,235,556,1,8000.00,1),(706,235,557,1,2000.00,1),(707,235,558,1,4000.00,1),(708,237,559,1,500.00,1),(709,237,560,1,500.00,1),(710,237,561,1,500.00,1),(711,237,562,1,500.00,1),(712,237,563,1,500.00,1),(713,237,564,1,500.00,1),(714,237,565,1,1000.00,1),(715,237,566,1,980.00,1),(716,237,567,1,1440.00,1),(717,237,568,1,1568.00,1),(718,237,569,1,350.00,1),(719,237,570,1,350.00,1),(720,237,571,1,350.00,1),(721,237,572,1,2000.00,1),(722,237,573,1,1500.00,1),(723,238,574,1,485.00,1),(724,238,575,1,588.00,1),(725,238,576,1,588.00,1),(726,238,577,1,588.00,1),(727,238,578,1,588.00,1),(728,238,579,1,461.00,1),(729,238,580,1,588.00,1),(730,238,581,1,588.00,1),(731,238,582,1,588.00,1),(732,238,583,1,588.00,1),(733,238,584,1,588.00,1),(734,238,585,1,285.00,1),(735,238,586,1,278.00,1),(736,238,587,1,139.00,1),(737,238,588,1,737.00,1),(738,238,589,1,312.00,1),(739,238,590,1,257.00,1),(740,238,591,1,500.00,1),(741,239,592,1,4200.00,1),(742,239,593,1,7334.00,1),(743,239,594,1,7334.00,1),(744,239,595,1,7334.00,1),(745,239,596,1,19105.00,1),(746,239,597,1,5027.00,1),(747,239,598,1,2808.00,1),(748,239,599,1,6353.00,1),(749,239,600,1,3860.00,1),(750,239,601,1,7355.00,1),(751,239,602,1,12208.00,1),(752,239,603,1,0.00,1),(753,239,604,1,0.00,1),(754,240,605,1,2208.00,1),(755,240,606,1,2666.00,1),(756,240,607,1,6831.00,1),(757,240,608,1,7497.00,1),(758,240,609,1,1658.00,1),(759,243,610,1,2000.00,1),(760,244,611,1,17749.00,1),(761,244,612,1,28980.00,1),(762,244,613,1,11025.00,1),(763,244,614,1,8505.00,1),(764,245,615,1,2470.00,1),(765,245,616,1,1500.00,1),(766,245,617,1,3410.00,1),(767,245,618,1,1520.00,1),(768,245,619,1,4510.00,1),(769,245,620,1,2590.00,1),(770,246,415,3,180000.00,1),(771,247,621,1,0.00,1),(772,247,622,1,0.00,1),(773,249,621,3,580000.00,1),(774,249,622,3,1700000.00,1),(775,251,623,1,44176.00,1),(776,254,624,1,1900.00,1),(777,255,624,3,155000.00,1),(778,257,402,4,195000.00,1),(779,258,625,1,0.00,1),(780,258,626,1,0.00,1),(781,259,625,2,495000.00,1),(782,259,536,2,320000.00,1),(783,259,626,2,285000.00,1),(784,258,627,1,0.00,1),(785,258,628,1,0.00,1),(786,258,629,1,0.00,1),(787,259,627,2,95000.00,1),(788,259,628,2,16500.00,1),(789,259,629,2,22000.00,1),(790,261,630,1,0.00,1),(791,262,630,3,0.00,1),(792,263,631,1,0.00,1),(793,263,632,1,0.00,1),(794,263,633,1,0.00,1),(795,263,634,1,0.00,1),(796,263,635,1,0.00,1),(797,263,636,1,0.00,1),(798,263,637,1,0.00,1),(799,263,638,1,0.00,1),(800,263,639,1,0.00,1),(801,265,631,3,25000.00,1),(802,265,632,3,25000.00,1),(803,265,633,3,25000.00,1),(804,265,634,3,35000.00,1),(805,267,636,3,8400.00,1),(806,267,637,3,34850.00,1),(807,268,638,3,280000.00,1),(808,269,623,3,47500.00,1),(809,270,639,3,7500.00,1),(810,272,455,2,860000.00,1),(811,272,457,2,495000.00,1),(812,275,640,1,0.00,1),(813,275,641,1,0.00,1),(814,276,640,2,850000.00,1),(815,277,642,1,0.00,1),(816,277,643,1,0.00,1),(817,278,642,3,10500.00,1),(818,278,643,3,25000.00,1),(819,279,644,1,0.00,-1),(820,280,644,3,210000.00,2),(821,281,348,2,280000.00,1),(822,279,645,1,0.00,1),(823,281,645,2,210000.00,1),(824,283,361,3,350000.00,1),(825,284,525,3,145000.00,-1),(826,284,526,3,145000.00,-1),(827,285,525,2,145000.00,1),(828,285,526,2,145000.00,1),(829,285,527,2,145000.00,1),(830,285,346,2,598000.00,1),(831,285,476,2,625000.00,1),(832,285,459,2,996000.00,1),(833,286,362,2,86000.00,2),(834,285,614,2,845000.00,1),(835,285,360,2,118000.00,1),(836,285,395,2,547000.00,1),(837,288,646,1,0.00,1),(838,288,647,1,0.00,1),(839,288,648,1,0.00,1),(840,288,649,1,0.00,1),(841,288,650,1,0.00,1),(842,285,646,2,625000.00,1),(843,285,649,2,12000.00,1),(844,285,648,2,315000.00,1),(845,285,650,2,86000.00,1),(846,285,647,2,879000.00,1),(847,289,651,1,0.00,1),(848,289,652,1,0.00,1),(849,289,653,1,0.00,1),(850,289,654,1,0.00,1),(851,290,651,3,610000.00,1),(852,290,652,3,435000.00,1),(853,290,653,3,680000.00,1),(854,290,654,3,150000.00,1),(855,292,655,1,0.00,1),(856,292,656,1,0.00,1),(857,292,657,1,0.00,1),(858,292,658,1,0.00,1),(859,293,659,1,0.00,1),(860,293,660,1,0.00,1),(861,294,659,3,0.00,1),(862,296,660,3,0.00,1),(863,298,602,2,0.00,1),(864,298,601,2,0.00,1),(865,298,550,2,3650000.00,1),(866,298,596,2,3450000.00,-1),(867,298,597,2,0.00,-1),(868,298,598,2,0.00,-1),(869,298,462,2,0.00,1),(870,298,461,2,0.00,1),(871,298,460,2,2650000.00,1),(872,298,352,2,1500000.00,1),(873,298,350,2,0.00,1),(874,298,555,2,3500000.00,1),(875,299,661,1,0.00,1),(876,299,662,1,0.00,1),(877,299,663,1,0.00,1),(878,299,664,1,0.00,1),(879,299,665,1,0.00,1),(880,299,666,1,0.00,1),(881,299,667,1,0.00,1),(882,298,665,2,900000.00,1),(883,298,667,2,0.00,1),(884,298,666,2,0.00,1),(885,298,663,2,0.00,1),(886,298,662,2,0.00,1),(887,298,664,2,0.00,1),(888,298,661,2,0.00,1),(889,300,668,1,0.00,1),(890,300,669,1,0.00,1),(891,300,670,1,0.00,1),(892,298,668,2,2250000.00,1),(893,298,669,2,1850000.00,1),(894,298,670,2,4200000.00,1),(895,298,379,2,550000.00,1),(896,301,555,4,0.00,1),(897,302,538,3,120000.00,1),(898,302,540,3,120000.00,1),(899,302,541,3,120000.00,1),(900,302,523,3,280000.00,1),(901,302,402,3,245000.00,1),(902,302,416,3,230000.00,1),(903,302,578,3,0.00,1),(904,302,470,3,160000.00,1),(905,303,671,1,0.00,1),(906,303,672,1,0.00,1),(907,303,673,1,0.00,1),(908,302,385,3,2950000.00,-1),(909,302,671,3,88000.00,1),(910,302,672,3,295000.00,1),(911,302,673,3,45000.00,1),(912,302,465,3,65000.00,-1),(913,304,674,1,0.00,1),(914,302,674,3,150000.00,1),(915,306,431,4,0.00,1),(916,302,612,3,2850000.00,1),(917,307,675,1,0.00,1),(918,307,676,1,0.00,1),(919,302,675,3,0.00,1),(920,302,676,3,0.00,1),(921,308,677,1,0.00,1),(922,308,678,1,0.00,1),(923,310,677,2,680000.00,1),(924,310,678,2,695000.00,1),(925,312,679,1,0.00,1),(926,312,680,1,0.00,1),(927,312,681,1,0.00,1),(928,312,682,1,0.00,1),(929,312,683,1,0.00,1),(930,312,684,1,0.00,1),(931,312,685,1,0.00,1),(932,312,686,1,0.00,1),(933,312,687,1,0.00,1),(934,312,688,1,0.00,1),(935,312,689,1,0.00,1),(936,313,689,3,680000.00,1),(937,313,347,3,650000.00,1),(938,313,385,3,2800000.00,1),(939,314,679,3,3500.00,1),(940,314,680,3,3500.00,1),(941,314,681,3,3500.00,1),(942,314,682,3,3500.00,1),(943,314,683,3,3500.00,1),(944,314,684,3,3500.00,1),(945,314,685,3,3500.00,1),(946,314,686,3,3500.00,1),(947,314,687,3,3500.00,1),(948,314,688,3,3500.00,1),(949,315,690,1,0.00,1),(950,316,690,3,0.00,1),(951,317,691,1,0.00,1),(952,317,692,1,0.00,1),(953,317,693,1,0.00,1),(954,319,692,3,620000.00,1),(955,319,691,3,170000.00,1),(956,319,524,3,195000.00,1),(957,319,693,3,135000.00,1),(958,319,658,3,175000.00,1),(959,320,694,1,0.00,1),(960,319,694,3,625000.00,1),(961,321,512,4,0.00,1),(962,322,494,4,0.00,1),(963,322,495,4,0.00,1),(964,322,496,4,0.00,1),(965,323,695,1,0.00,1),(966,323,696,1,0.00,1),(967,323,697,1,0.00,1),(968,323,698,1,0.00,-1),(969,323,699,1,0.00,1),(970,323,700,1,0.00,1),(971,323,701,1,0.00,1),(972,323,702,1,0.00,1),(973,323,703,1,0.00,1),(974,323,704,1,0.00,1),(975,325,703,3,0.00,1),(976,325,704,3,0.00,1),(977,326,512,3,550000.00,1),(978,326,695,3,495000.00,1),(979,326,530,3,150000.00,1),(980,326,528,3,150000.00,1),(981,326,529,3,150000.00,1),(982,326,696,3,488000.00,1),(983,326,697,3,285000.00,1),(984,326,700,3,580000.00,1),(985,326,701,3,0.00,1),(986,326,699,3,0.00,1),(987,327,702,3,0.00,1),(988,329,705,1,0.00,1),(989,329,706,1,0.00,-1),(990,330,106,3,430000.00,1),(991,330,508,3,165000.00,1),(992,330,655,3,288000.00,1),(993,330,389,3,295000.00,1),(994,330,365,3,365000.00,1),(995,330,542,3,260000.00,1),(996,330,381,3,385000.00,1),(997,330,705,3,495000.00,1),(998,331,707,1,0.00,1),(999,330,707,3,560000.00,1),(1000,332,708,1,0.00,1),(1001,332,709,1,0.00,-1),(1002,335,708,3,2900000.00,1),(1003,330,596,3,1950000.00,1),(1004,330,597,3,0.00,1),(1005,330,598,3,0.00,1),(1006,336,710,1,8894.00,1),(1007,336,711,1,1222.00,1),(1008,336,712,1,0.00,1),(1009,336,713,1,0.00,1),(1010,336,714,1,2857.00,1),(1011,336,715,1,1086.00,1),(1012,336,716,1,300.00,1),(1013,336,717,1,0.00,1),(1014,336,718,1,0.00,1),(1015,337,710,3,560000.00,-1),(1016,338,711,3,120000.00,1),(1017,338,712,3,65000.00,1),(1018,338,713,3,0.00,1),(1019,341,714,3,180000.00,1),(1020,342,715,3,85000.00,1),(1021,344,719,1,0.00,1),(1022,344,720,1,1665.00,1),(1023,345,720,3,155000.00,-1),(1024,346,719,3,0.00,1),(1025,346,716,3,8350.00,1),(1026,348,721,1,0.00,1),(1027,347,721,3,186000.00,1),(1028,349,710,3,560000.00,-1),(1029,350,710,3,560000.00,1),(1030,345,720,3,155000.00,1),(1031,353,670,3,5800000.00,1),(1032,354,722,1,0.00,1),(1033,355,555,3,780000.00,-1),(1034,356,552,3,780000.00,1),(1035,357,723,1,0.00,1),(1036,357,724,1,0.00,1),(1037,357,725,1,0.00,1),(1038,357,726,1,0.00,1),(1039,358,724,3,95000.00,1),(1040,358,725,3,95000.00,1),(1041,359,723,3,155000.00,1),(1042,360,726,3,5800000.00,1),(1043,361,727,1,0.00,1),(1044,362,727,3,0.00,1),(1045,364,356,3,240000.00,1),(1046,365,728,1,0.00,1),(1047,365,729,1,0.00,1),(1048,365,730,1,0.00,1),(1049,366,728,3,290000.00,1),(1050,366,729,3,0.00,1),(1051,366,730,3,0.00,1),(1052,368,731,1,0.00,1),(1053,369,731,3,440000.00,1),(1054,371,732,1,0.00,1),(1055,370,732,3,110000.00,1),(1056,372,733,1,0.00,1),(1057,373,733,3,90000.00,1),(1058,374,734,1,0.00,1),(1059,375,734,3,190000.00,1),(1060,376,735,1,0.00,1),(1061,376,736,1,0.00,1),(1062,377,735,3,340000.00,1),(1063,377,736,3,0.00,1),(1064,378,737,1,0.00,1),(1065,378,738,1,0.00,1),(1066,378,739,1,0.00,1),(1067,378,740,1,0.00,1),(1068,378,741,1,0.00,1),(1069,379,737,3,270000.00,1),(1070,379,738,3,22500.00,1),(1071,379,739,3,36500.00,1),(1072,379,740,3,16000.00,1),(1073,379,741,3,16000.00,1),(1074,380,742,1,0.00,1),(1075,380,743,1,0.00,1),(1076,381,742,3,46000.00,1),(1077,381,743,3,695000.00,1),(1078,382,744,1,0.00,1),(1079,383,547,3,295000.00,1),(1080,383,744,3,25000.00,1);
/*!40000 ALTER TABLE `particular` ENABLE KEYS */;
UNLOCK TABLES;

--
-- Table structure for table `payment`
--

DROP TABLE IF EXISTS `payment`;
/*!40101 SET @saved_cs_client     = @@character_set_client */;
/*!40101 SET character_set_client = utf8 */;
CREATE TABLE `payment` (
  `ID` int(11) NOT NULL AUTO_INCREMENT,
  `Type` int(11) NOT NULL COMMENT '1 for cash, 2 for check',
  `Date` datetime NOT NULL,
  `Amount` decimal(10,2) NOT NULL,
  `CBank` varchar(60) NOT NULL,
  `CDate` datetime NOT NULL,
  `Client` int(11) NOT NULL,
  `SID` int(11) DEFAULT NULL,
  `Mark` int(11) NOT NULL,
  `CNum` varchar(60) DEFAULT NULL,
  PRIMARY KEY (`ID`)
) ENGINE=InnoDB AUTO_INCREMENT=64 DEFAULT CHARSET=latin1;
/*!40101 SET character_set_client = @saved_cs_client */;

--
-- Dumping data for table `payment`
--

LOCK TABLES `payment` WRITE;
/*!40000 ALTER TABLE `payment` DISABLE KEYS */;
INSERT INTO `payment` VALUES (8,1,'2016-11-11 15:21:49',2500.00,'','0000-00-00 00:00:00',2,46,-1,NULL),(9,2,'2016-11-11 15:22:04',2500.00,'BPI','2016-12-01 00:00:00',2,46,-1,NULL),(10,1,'2016-11-11 15:33:07',2500.00,'BDO','2016-11-20 00:00:00',2,47,-1,NULL),(11,2,'2016-11-11 15:34:14',2500.00,'BDO','2016-11-20 00:00:00',2,47,-1,NULL),(12,2,'2016-11-16 20:26:54',106666.66,'PHILTRUST BANK','2016-11-15 00:00:00',210,74,-1,NULL),(13,2,'2016-11-16 20:27:39',53333.33,'PHILTRUST BANK','2016-12-15 00:00:00',210,74,-1,NULL),(14,2,'2016-11-16 20:28:16',53333.33,'PHILTRUST BANK','2017-01-15 00:00:00',210,74,-1,NULL),(15,2,'2016-11-16 20:28:39',53333.33,'PHILTRUST BANK','2017-02-15 00:00:00',210,74,-1,NULL),(16,2,'2016-11-16 20:28:58',53333.33,'PHILTRUST BANK','2017-03-15 00:00:00',210,74,-1,NULL),(17,2,'2016-11-16 20:29:13',53333.33,'PHILTRUST BANK','2017-04-15 00:00:00',210,74,-1,NULL),(18,2,'2016-11-16 20:29:29',53333.33,'PHILTRUST BANK','2017-05-15 00:00:00',210,74,-1,NULL),(19,2,'2016-11-16 20:29:43',53333.33,'PHILTRUST BANK','2017-06-15 00:00:00',210,74,-1,NULL),(20,2,'2016-11-16 20:30:03',53333.33,'PHILTRUST BANK','2017-07-15 00:00:00',210,74,-1,NULL),(21,2,'2016-11-16 20:30:18',53333.33,'PHILTRUST BANK','2017-08-15 00:00:00',210,74,-1,NULL),(22,2,'2016-11-16 20:31:54',53333.33,'PHILTRUST BANK','2017-09-15 00:00:00',210,74,-1,NULL),(23,2,'2016-11-16 20:32:14',53333.33,'PHILTRUST BANK','2017-10-15 00:00:00',210,74,-1,NULL),(24,2,'2016-11-16 20:32:29',53333.33,'PHILTRUST BANK','2017-11-15 00:00:00',210,74,-1,NULL),(25,2,'2016-11-16 20:32:51',53333.33,'PHILTRUST BANK','2017-12-15 00:00:00',210,74,-1,NULL),(26,2,'2016-11-16 20:33:05',53333.33,'PHILTRUST BANK','2018-01-15 00:00:00',210,74,-1,NULL),(27,2,'2016-11-16 20:33:18',53333.33,'PHILTRUST BANK','2018-02-15 00:00:00',210,74,-1,NULL),(28,2,'2016-11-16 20:33:35',53333.33,'PHILTRUST BANK','2017-03-15 00:00:00',210,74,-1,NULL),(29,2,'2016-11-16 20:33:56',53333.33,'PHILTRUST BANK','2018-03-15 00:00:00',210,74,-1,NULL),(30,2,'2016-11-16 20:34:22',53333.33,'PHILTRUST BANK','2018-04-15 00:00:00',210,74,-1,NULL),(31,2,'2016-11-16 20:34:33',53333.33,'PHILTRUST BANK','2018-05-15 00:00:00',210,74,-1,NULL),(32,2,'2016-11-16 20:34:43',53333.33,'PHILTRUST BANK','2018-06-15 00:00:00',210,74,-1,NULL),(33,2,'2016-11-16 20:34:56',106666.66,'PHILTRUST BANK','2018-07-15 00:00:00',210,74,-1,NULL),(34,2,'2016-11-16 20:35:11',106666.66,'PHILTRUST BANK','2018-08-15 00:00:00',210,74,-1,NULL),(35,2,'2016-11-18 08:42:43',106666.66,'PHILTRUST BANK','2016-11-15 00:00:00',210,83,1,NULL),(36,2,'2016-11-18 08:43:05',53333.33,'PHILTRUST BANK','2016-12-15 00:00:00',210,83,1,NULL),(37,2,'2016-11-18 08:44:39',53333.33,'PHILTRUST BANK','2017-01-15 00:00:00',210,83,1,NULL),(38,2,'2016-11-18 08:45:02',53333.33,'PHILTRUST BANK','2017-02-15 00:00:00',210,83,1,NULL),(39,2,'2016-11-18 08:45:20',53333.33,'PHILTRUST BANK','2017-03-15 00:00:00',210,83,1,NULL),(40,2,'2016-11-18 08:45:38',53333.33,'PHILTRUST BANK','2017-04-15 00:00:00',210,83,1,NULL),(41,2,'2016-11-18 08:45:55',53333.33,'PHILTRUST BANK','2017-05-15 00:00:00',210,83,1,NULL),(42,2,'2016-11-18 08:46:11',53333.33,'PHILTRUST BANK','2017-06-15 00:00:00',210,83,1,NULL),(43,2,'2016-11-18 08:46:28',53333.33,'PHILTRUST BANK','2017-07-15 00:00:00',210,83,1,NULL),(44,2,'2016-11-18 08:46:47',53333.33,'PHILTRUST BANK','2017-08-15 00:00:00',210,83,1,NULL),(45,2,'2016-11-18 08:47:04',53333.33,'PHILTRUST BANK','2017-09-15 00:00:00',210,83,1,NULL),(46,2,'2016-11-18 08:47:19',53333.33,'PHILTRUST BANK','2017-10-15 00:00:00',210,83,1,NULL),(47,2,'2016-11-18 08:47:35',53333.33,'PHILTRUST BANK','2017-11-15 00:00:00',210,83,1,NULL),(48,2,'2016-11-18 08:47:55',53333.33,'PHILTRUST BANK','2017-12-15 00:00:00',210,83,1,NULL),(49,2,'2016-11-18 08:48:15',53333.33,'PHILTRUST BANK','2018-01-15 00:00:00',210,83,1,NULL),(50,2,'2016-11-18 08:48:39',53333.33,'PHILTRUST BANK','2018-02-15 00:00:00',210,83,1,NULL),(51,2,'2016-11-18 08:49:07',53333.33,'PHILTRUST BANK','2018-03-15 00:00:00',210,83,1,NULL),(52,2,'2016-11-18 08:49:28',53333.33,'PHILTRUST BANK','2018-04-15 00:00:00',210,83,1,NULL),(53,2,'2016-11-18 08:49:50',53333.33,'PHILTRUST BANK','2018-06-15 00:00:00',210,83,1,NULL),(54,2,'2016-11-18 08:50:22',106666.66,'PHILTRUST BANK','2018-07-15 00:00:00',210,83,1,NULL),(55,2,'2016-11-18 08:50:40',106666.66,'PHILTRUST BANK','2018-08-15 00:00:00',210,83,1,NULL),(56,2,'2016-11-18 10:04:17',1300.00,'BPI','2016-11-19 00:00:00',2,87,-1,'101112'),(57,1,'2016-11-18 10:04:33',1300.00,'','0000-00-00 00:00:00',2,87,-1,''),(58,1,'2016-11-18 10:14:18',1300.00,'','0000-00-00 00:00:00',0,88,-1,NULL),(59,2,'2016-11-18 10:18:32',1200.00,'BDO','2016-11-25 00:00:00',0,89,-1,'17281'),(60,2,'2016-11-30 13:09:25',500000.00,'BDO','2016-11-30 00:00:00',222,166,1,'118513'),(61,2,'2016-11-30 13:09:59',500000.00,'BDO','2016-12-30 00:00:00',222,166,1,'118514'),(62,2,'2016-11-30 13:10:42',350000.00,'BDO','2017-01-30 00:00:00',222,166,1,'118516'),(63,2,'2016-12-09 11:09:25',350000.00,'BDO','2016-12-09 00:00:00',239,283,1,'0224192');
/*!40000 ALTER TABLE `payment` ENABLE KEYS */;
UNLOCK TABLES;

--
-- Table structure for table `transaction`
--

DROP TABLE IF EXISTS `transaction`;
/*!40101 SET @saved_cs_client     = @@character_set_client */;
/*!40101 SET character_set_client = utf8 */;
CREATE TABLE `transaction` (
  `ID` int(11) NOT NULL AUTO_INCREMENT,
  `Reference` varchar(60) NOT NULL,
  `Source` int(11) NOT NULL,
  `Destination` int(11) NOT NULL,
  `Comment` varchar(1000) NOT NULL,
  `Date` datetime NOT NULL,
  `Mark` int(11) NOT NULL,
  `Creator` int(11) NOT NULL,
  `Type` int(11) NOT NULL,
  PRIMARY KEY (`ID`)
) ENGINE=InnoDB AUTO_INCREMENT=384 DEFAULT CHARSET=latin1;
/*!40101 SET character_set_client = @saved_cs_client */;

--
-- Dumping data for table `transaction`
--

LOCK TABLES `transaction` WRITE;
/*!40000 ALTER TABLE `transaction` DISABLE KEYS */;
INSERT INTO `transaction` VALUES (36,'SI008960',200,100,'SANYU','2016-11-08 12:22:21',2,3,1),(37,'GS162295',200,100,'GOLDEN MASTER JEWELLERY LTD.','2016-11-09 09:12:39',1,3,1),(38,'SAIN041307',200,100,'KING\\','2016-11-10 13:09:34',-1,3,1),(39,'SAIN041307',200,100,'KING\'S VIEW JEWELLERY LIMITED','2016-11-10 13:30:17',1,3,1),(40,'CS086090',200,100,'TAKA','2016-11-10 13:38:42',2,3,1),(41,'VIVA001',200,100,'VIVA COLLECTION CO. LTD.','2016-11-10 14:55:19',2,3,1),(42,'',200,100,'','2016-11-10 23:27:15',-1,0,1),(43,'INV004693',200,100,'SPLENDOR JEWELRY LTD.','2016-11-11 13:35:07',2,3,1),(44,'WC001',200,100,'WONDERCUTS','2016-11-11 14:31:46',1,3,1),(45,'SAMPLE',200,100,'Sample','2016-11-11 14:44:19',-1,1,1),(46,'SAMPLE02',100,2,'This is a sample sales. ','2016-11-11 15:07:22',-1,1,3),(47,'SAMPLE03',100,2,'This is a sample borrow slip.','2016-11-11 15:27:35',-1,1,2),(48,'SAMPLE04',200,100,'Sample','2016-11-11 15:58:24',-1,1,1),(49,'SAMPLE99',2,100,'This is a sample.','2016-11-11 15:59:59',-1,1,4),(50,'18243',200,100,'GOLD FIELD CO.','2016-11-14 16:47:36',1,3,1),(51,'',200,100,'','2016-11-15 14:21:30',-1,0,1),(52,'SAMPLE',200,100,'SAMPLE','2016-11-16 00:20:42',-1,1,1),(53,'SAMPLE',100,2,'SAMPLE','2016-11-16 00:28:42',-1,1,3),(54,'',2,100,'','2016-11-16 00:29:49',-1,1,5),(55,'viva',200,100,'','2016-11-16 08:15:10',-1,3,1),(56,'TR001',100,206,'','2016-11-16 10:56:07',-1,1,3),(57,'GIA001',200,100,'GIA CERTIFICATE','2016-11-16 11:11:40',1,3,1),(58,'TR001',100,206,'','2016-11-16 11:15:02',1,3,3),(59,'INV0001',200,100,'BEGINNING BALANCE','2016-11-16 11:28:44',1,3,1),(60,'',200,100,'','2016-11-16 11:34:20',-1,3,1),(61,'',200,100,'','2016-11-16 11:34:29',-1,3,1),(62,'',100,2,'','2016-11-16 11:36:17',-1,3,3),(63,'SAMPLE',200,100,'SAMPLE','2016-11-16 11:41:19',-1,1,1),(64,'',100,2,'','2016-11-16 13:05:30',-1,3,3),(65,'TR002',100,207,'','2016-11-16 13:05:37',1,3,2),(66,'',200,100,'','2016-11-16 15:20:58',-1,3,1),(67,'TR003',100,208,'','2016-11-16 15:21:04',-1,3,3),(68,'GIA002',200,100,'GIA CERTIFICATE','2016-11-16 15:23:56',1,3,1),(69,'TR004',100,208,'','2016-11-16 15:26:35',1,3,3),(70,'INV0002',200,100,'AMI','2016-11-16 15:28:43',1,3,1),(71,'1239',200,100,'KSM INTERNATIONAL HK LTD.','2016-11-16 18:03:16',1,3,1),(72,'TR005',100,209,'','2016-11-16 18:10:34',1,3,3),(73,'INV006',200,100,'VISION INTERNATIONAL HK LTD','2016-11-16 20:12:06',1,3,1),(74,'TR006',100,210,'','2016-11-16 20:20:33',-1,3,3),(75,'SAMPLE',200,100,'SAMPLE','2016-11-17 12:21:19',-1,1,1),(76,'',200,100,'','2016-11-17 14:16:41',-1,0,1),(77,'',200,100,'','2016-11-17 15:48:16',-1,3,1),(78,'',200,100,'','2016-11-17 15:50:19',-1,3,1),(79,'',200,100,'','2016-11-17 16:20:16',-1,0,1),(80,'',100,2,'','2016-11-18 08:33:40',-1,3,3),(81,'TR006',100,210,'','2016-11-18 08:34:56',-1,3,3),(82,'INV0003',200,100,'KSM INTERNATIONAL HK LTD.','2016-11-18 08:38:33',1,3,1),(83,'TR006',100,210,'','2016-11-18 08:41:16',1,3,3),(84,'PJ/FQTN/4',200,100,'PURITY JEWELRY (HK) CO.LTD.','2016-11-18 09:36:12',1,3,1),(85,'SAMPLEREC',200,100,'SAMPLE SUPPLIER','2016-11-18 10:00:03',-1,1,1),(86,'',100,2,'','2016-11-18 10:02:07',-1,1,2),(87,'SAMPLE',100,2,'SAMPLE LANG ITO','2016-11-18 10:02:11',-1,1,3),(88,'SAMPLE',100,2,'SAMPLE','2016-11-18 10:12:46',-1,1,2),(89,'SAMPLE',2,100,'SAMPLE','2016-11-18 10:15:44',-1,1,4),(90,'',100,2,'','2016-11-18 10:18:37',-1,1,3),(91,'SAMPLE',2,100,'SAMPLE','2016-11-18 10:20:09',-1,1,5),(92,'',200,100,'','2016-11-18 10:50:16',-1,0,1),(93,'INV0004',200,100,'MY','2016-11-18 10:52:16',1,3,1),(94,'',100,2,'','2016-11-18 11:13:13',-1,3,3),(95,'TR007',100,211,'','2016-11-18 11:14:05',1,3,3),(96,'TR008',100,211,'','2016-11-18 11:16:11',1,3,2),(97,'TR007',200,100,'BEGINNING BALANCE','2016-11-18 11:21:45',-1,3,1),(98,'',200,100,'','2016-11-18 12:52:43',-1,4,1),(99,'TR009',100,212,'','2016-11-21 10:28:29',-1,3,3),(100,'TR010',100,211,'','2016-11-21 10:30:17',1,3,3),(101,'R0001',100,213,'','2016-11-21 12:10:13',-1,3,6),(102,'GS162266',200,100,'GOLDEN MASTER JEWELLERY LTD.','2016-11-22 13:39:56',-1,3,1),(103,'GS162266',200,100,'GOLDEN MASTER JEWELLERY LTD.','2016-11-22 13:42:25',1,3,1),(104,'RS0061819',200,100,'RITONE JEWELRY INTERNATIONAL LTD.','2016-11-22 14:03:55',1,3,1),(105,'SAIN041255',200,100,'KING\'S VIEW JEWELLERY LIMITED','2016-11-22 15:45:07',-1,3,1),(106,'SAIN041255',200,100,'KING\'S VIEW JEWELLERY LIMITED','2016-11-22 15:47:44',-1,3,1),(107,'SAIN041255',200,100,'KINGS VIEW ','2016-11-22 15:48:04',1,3,1),(108,'',200,100,'','2016-11-22 21:02:44',-1,0,1),(109,'',200,100,'','2016-11-23 07:23:14',-1,0,1),(110,'SI009301',200,100,'SANYU','2016-11-27 22:32:55',1,3,1),(111,'GS162886',200,100,'GOLDEN MASTER JEWELLERY LTD.','2016-11-27 22:42:28',1,3,1),(112,'14884',200,100,'ORIENTAL GEMCO LIMITED','2016-11-27 23:23:44',1,3,1),(113,'000',211,100,'','2016-11-28 00:59:52',-1,3,4),(114,'0000',100,205,'','2016-11-28 11:51:13',-1,3,3),(115,'',100,2,'','2016-11-28 12:31:50',-1,3,3),(116,'TR010',100,214,'','2016-11-28 12:34:03',-1,3,3),(117,'0000',200,100,'GRS CERTIFICATE','2016-11-28 12:35:42',1,3,1),(118,'0000',200,100,'ROYAAL GEM','2016-11-28 12:41:58',-1,3,1),(119,'0000',200,100,'Sanyu','2016-11-28 12:54:39',1,3,1),(120,'0000',100,215,'SAMPLE GIVEN','2016-11-28 13:00:49',1,3,3),(121,'00000',100,216,'','2016-11-28 13:43:19',1,3,3),(122,'',100,2,'','2016-11-28 13:56:07',-1,3,2),(123,'0000',100,217,'','2016-11-28 13:57:06',1,3,2),(124,'',100,2,'','2016-11-28 14:04:54',-1,3,2),(125,'0000',100,218,'','2016-11-28 14:05:07',1,3,3),(126,'',100,2,'','2016-11-28 14:16:28',-1,3,2),(127,'0000',100,219,'','2016-11-28 14:17:35',-1,3,2),(128,'SI009315',200,100,'Sanyu','2016-11-28 14:21:39',1,3,1),(129,'0000',100,219,'','2016-11-28 14:24:34',1,3,2),(130,'',100,219,'','2016-11-28 14:25:37',-1,3,6),(131,'0000',100,219,'','2016-11-28 14:25:56',-1,3,3),(132,'0000',200,100,'NA','2016-11-28 14:29:12',1,3,1),(133,'0000',100,219,'','2016-11-28 14:30:22',1,3,3),(134,'',100,2,'','2016-11-28 17:29:37',-1,0,3),(135,'SI009298',200,100,'Sanyu','2016-11-28 18:13:31',1,3,1),(136,'',100,2,'','2016-11-28 18:16:52',-1,0,3),(137,'0000',100,220,'','2016-11-28 18:24:03',-1,3,3),(138,'0000',100,220,'','2016-11-28 19:17:15',-1,3,3),(139,'0000',200,100,'GIA CERTIFICATE','2016-11-28 19:18:56',1,3,1),(140,'0000',100,220,'','2016-11-28 19:22:44',-1,3,3),(141,'0000',100,220,'','2016-11-28 19:23:19',-1,3,3),(142,'0000',200,100,'Sanyu','2016-11-28 19:26:18',1,3,1),(143,'0000',100,220,'','2016-11-28 19:27:27',1,3,3),(144,'SI009318',200,100,'Sanyu','2016-11-28 19:33:29',1,3,1),(145,'SI009315',200,100,'Sanyu','2016-11-28 19:40:37',1,3,1),(146,'',100,2,'','2016-11-28 21:09:05',-1,0,3),(147,'0000',219,100,'','2016-11-28 21:14:13',1,3,4),(148,'0000',100,219,'PAID CASH','2016-11-28 21:15:26',1,3,3),(149,'',200,100,'','2016-11-28 22:46:19',-1,4,1),(150,'SAMPLE',100,2,'SAMPLE','2016-11-29 07:43:56',-1,1,3),(151,'S',100,2,'S','2016-11-29 07:46:21',-1,1,2),(152,'SAJO',100,2,'SAMPLE','2016-11-29 07:48:04',-1,1,3),(153,'SAMPLE',217,100,'SAMPlE','2016-11-29 07:50:54',-1,1,4),(154,'',100,2,'','2016-11-29 11:14:35',-1,0,3),(155,'',200,100,'','2016-11-29 11:16:55',-1,3,1),(156,'0000',200,100,'beginning balance','2016-11-29 11:18:33',1,3,1),(157,'0000',100,216,'RESIZE TO SIZE 5 ROSEGOLD RING ','2016-11-29 11:23:57',1,3,3),(158,'8004',200,100,'PEARL COLLECTION','2016-11-29 14:03:08',1,0,1),(159,'',100,2,'','2016-11-29 14:07:43',-1,3,2),(160,'0000',100,221,'','2016-11-29 14:08:24',1,3,2),(161,'',100,2,'','2016-11-29 14:09:59',-1,3,2),(162,'0000',100,221,'','2016-11-29 14:10:04',1,3,3),(163,'000',200,100,'NEW','2016-11-29 14:26:14',1,3,1),(164,'',100,2,'','2016-11-30 12:12:17',-1,0,3),(165,'001',200,100,'WONDERCUTS','2016-11-30 12:13:24',1,3,1),(166,'000',100,222,'','2016-11-30 12:17:55',1,3,3),(167,'CS086498',200,100,'TAKA','2016-11-30 12:20:17',1,3,1),(168,'0000',200,100,'BEGIN','2016-11-30 12:25:26',-1,3,1),(169,'000',200,100,'BEGIN','2016-11-30 12:37:54',1,3,1),(170,'',100,2,'','2016-11-30 12:51:03',-1,3,3),(171,'0000',100,209,'','2016-11-30 12:52:05',1,3,3),(172,'0000',100,209,'','2016-11-30 12:59:00',1,3,2),(173,'000',200,100,'N','2016-11-30 13:02:13',1,3,1),(174,'',100,2,'','2016-11-30 13:19:52',-1,3,6),(175,'000',200,100,'REPAIR','2016-11-30 13:20:39',1,3,1),(176,'',100,2,'','2016-11-30 13:22:39',-1,3,3),(177,'0000',100,205,'','2016-11-30 15:53:20',-1,3,3),(178,'0000',200,100,'NB','2016-11-30 16:59:48',1,3,1),(179,'',100,2,'','2016-11-30 17:07:48',-1,3,3),(180,'0000',100,2,'GIVEN 1 PAIR YELLOW PEARL EARRING. CANNOT SELL','2016-11-30 17:08:43',-1,3,3),(181,'0000',100,223,'','2016-11-30 17:16:09',1,3,3),(182,'',100,2,'','2016-11-30 17:17:43',-1,3,3),(183,'000',100,224,'GIVEN 1 PAIR YELLOW PEARL EARRING. CANNOT SELL','2016-11-30 17:19:53',-1,3,3),(184,'0',100,221,'','2016-11-30 17:20:43',-1,3,3),(185,'0',100,224,'','2016-11-30 17:21:41',-1,3,3),(186,'000',200,100,'NB','2016-11-30 17:22:27',1,3,1),(187,'',200,100,'','2016-11-30 17:24:03',-1,3,1),(188,'0',100,224,'GIVEN 1 PAIR YELLOW PEARL EARRING. CANNOT SELL','2016-11-30 17:25:08',1,3,3),(189,'',200,100,'','2016-11-30 19:25:41',-1,0,1),(190,'11964',200,100,'EAGLE STAR JEWELLERY CO LTD','2016-11-30 19:48:39',1,3,1),(191,'PJ/FQTN/11',200,100,'PURITY','2016-11-30 20:41:00',1,3,1),(192,'',200,100,'','2016-12-01 08:19:35',-1,0,1),(193,'10797',200,100,'PURITY','2016-12-01 08:38:11',1,3,1),(194,'CS-086496',200,100,'TAKA','2016-12-01 09:40:19',1,3,1),(195,'',200,100,'','2016-12-01 10:10:39',-1,3,1),(196,'',100,2,'','2016-12-02 11:47:49',-1,0,3),(197,'0000',100,226,'','2016-12-02 11:49:19',1,3,3),(198,'000',200,100,'B','2016-12-02 11:57:17',1,3,1),(199,'',226,100,'FREE REPAIR','2016-12-02 12:22:31',-1,3,5),(200,'',2,100,'','2016-12-02 12:23:07',-1,3,5),(201,'0000',100,226,'','2016-12-02 12:23:26',1,3,3),(202,'',100,2,'','2016-12-02 16:56:13',-1,0,3),(203,'0000',200,100,'SPHERE','2016-12-02 16:56:53',1,3,1),(204,'0000',100,211,'','2016-12-02 17:04:38',1,3,2),(205,'00',200,100,'BB','2016-12-02 17:07:06',1,3,1),(206,'',200,100,'','2016-12-02 17:26:23',-1,3,1),(207,'000',100,227,'','2016-12-02 17:26:39',-1,3,3),(208,'000',200,100,'BB1','2016-12-02 17:29:14',1,3,1),(209,'0000',100,226,'GIVEN 1 ROSARY BRACELET','2016-12-02 17:35:11',1,3,3),(210,'00',200,100,'REPAIR RELEASE','2016-12-02 17:46:31',1,3,1),(211,'',100,2,'','2016-12-02 17:50:40',-1,3,3),(212,'000',100,228,'REPAIR FREE','2016-12-02 17:51:02',1,3,3),(213,'13642',200,100,'AP CREATIONS','2016-12-02 18:02:39',1,3,1),(214,'0000',100,229,'','2016-12-02 18:09:52',-1,3,3),(215,'0000',100,229,'','2016-12-02 18:10:11',1,3,2),(216,'',100,2,'','2016-12-02 19:22:15',-1,0,3),(217,'0000',200,100,'BORROW','2016-12-02 19:27:16',1,3,1),(218,'0000',100,230,'','2016-12-02 20:11:52',1,3,2),(219,'',100,2,'','2016-12-03 09:54:21',-1,0,3),(220,'0000',100,231,'','2016-12-03 10:07:15',-1,3,3),(221,'001/NOV/2016',200,100,'WONDERCUTS','2016-12-03 10:13:30',1,3,1),(222,'n1',200,100,'BEGINNING BALANCE','2016-12-03 13:38:58',-1,3,1),(223,'0000',200,100,'BEGINNING BALANCE','2016-12-03 13:40:04',1,3,1),(224,'0000',100,215,'','2016-12-03 14:05:17',-1,3,3),(225,'000',100,215,'','2016-12-03 14:06:40',1,3,2),(226,'0000',200,100,'BB','2016-12-03 14:14:48',1,3,1),(227,'',100,2,'','2016-12-03 14:25:08',-1,3,2),(228,'',100,2,'','2016-12-03 14:25:30',-1,3,2),(229,'',200,100,'','2016-12-04 20:40:25',-1,0,1),(230,'',200,100,'','2016-12-04 20:49:58',-1,3,1),(231,'PIN33052',200,100,'PERFECT GROUP INTERNATIONAL HOLDINGS (HK) LIMITED','2016-12-04 20:52:23',1,3,1),(232,'',200,100,'','2016-12-04 20:53:10',-1,3,1),(233,'13642',200,100,'AP CREATIONS LTD.','2016-12-04 21:25:46',1,3,1),(234,'SAIN041691',200,100,'KINGS VIEW','2016-12-04 21:46:27',1,3,1),(235,'000',200,100,'PEARL COLLECTION','2016-12-04 22:27:30',1,3,1),(236,'',200,100,'','2016-12-04 23:32:12',-1,3,1),(237,'MEMO 01',200,100,'DEW CARAT LIMITED','2016-12-04 23:40:15',1,3,1),(238,'03912',200,100,'SPHERE','2016-12-06 13:47:35',1,3,1),(239,'18321',200,100,'GOLDFIELD','2016-12-06 14:15:46',1,3,1),(240,'E18442&7071',200,100,'RICHARD JEWELRY CO. LTD.','2016-12-06 15:34:39',1,3,1),(241,'',200,100,'','2016-12-06 17:57:38',-1,3,1),(242,'000',200,100,'GLACIAL DIAMONDS HK LTD.','2016-12-06 17:58:42',-1,3,1),(243,'2173',200,100,'BEADS PARADISE HK','2016-12-06 18:03:58',1,3,1),(244,'000',200,100,'GLACIAL DIAMONDS HK LTD.','2016-12-06 19:11:44',1,3,1),(245,'000',200,100,'TOP 1','2016-12-06 19:29:35',1,3,1),(246,'0000',100,232,'','2016-12-07 12:04:59',1,3,3),(247,'0000',200,100,'NBB','2016-12-07 12:17:25',1,3,1),(248,'',100,2,'','2016-12-07 12:21:28',-1,3,3),(249,'0000',100,233,'','2016-12-07 12:22:19',1,3,3),(250,'',200,100,'','2016-12-07 12:35:50',-1,3,1),(251,'0000',200,100,'STONE','2016-12-07 12:39:25',1,3,1),(252,'',100,2,'','2016-12-07 13:03:15',-1,3,3),(253,'0000',100,234,'','2016-12-07 13:04:06',-1,3,3),(254,'0000',200,100,'ORIENTAL GEM','2016-12-07 13:05:52',1,3,1),(255,'0000',100,234,'','2016-12-07 13:08:35',1,3,3),(256,'000',200,100,'NBB1','2016-12-07 13:12:31',-1,3,1),(257,'0000',221,100,'','2016-12-07 13:18:26',1,3,4),(258,'000',200,100,'NBB1','2016-12-07 13:21:33',1,3,1),(259,'0000',100,221,'','2016-12-07 13:26:12',1,3,2),(260,'',100,2,'','2016-12-07 13:47:22',-1,3,3),(261,'0000',200,100,'NBB2','2016-12-07 13:48:26',1,3,1),(262,'0000',100,206,'','2016-12-07 13:51:26',1,3,3),(263,'000',200,100,'MY','2016-12-07 16:18:55',1,3,1),(264,'0000',100,235,'','2016-12-07 17:30:59',-1,3,3),(265,'000',100,235,'','2016-12-07 17:33:29',1,3,3),(266,'000',200,100,'MY','2016-12-07 17:37:51',-1,3,1),(267,'0000',100,211,'','2016-12-07 17:38:09',1,3,3),(268,'000',100,232,'','2016-12-07 17:41:08',1,3,3),(269,'000',100,207,'','2016-12-07 18:01:53',1,3,3),(270,'000',100,205,'','2016-12-07 18:16:10',1,3,3),(271,'',100,2,'','2016-12-08 12:47:28',-1,3,2),(272,'0000',100,236,'','2016-12-08 12:48:10',1,3,2),(273,'',200,100,'','2016-12-08 12:57:40',-1,3,1),(274,'000',215,100,'','2016-12-08 12:58:30',-1,3,4),(275,'000',200,100,'B','2016-12-08 12:59:52',1,3,1),(276,'000',100,237,'','2016-12-08 13:01:43',1,3,2),(277,'000',200,100,'CHAINS','2016-12-08 13:27:47',1,3,1),(278,'000',100,213,'','2016-12-08 13:32:54',1,3,3),(279,'000',200,100,'ER','2016-12-08 15:19:23',1,3,1),(280,'0000',100,238,'','2016-12-08 15:26:56',-1,3,3),(281,'000',100,238,'','2016-12-08 15:28:41',1,3,2),(282,'',100,2,'','2016-12-09 11:05:23',-1,3,3),(283,'000',100,239,'','2016-12-09 11:05:45',1,3,3),(284,'0000',100,235,'','2016-12-09 11:46:16',-1,3,3),(285,'000',100,235,'','2016-12-09 11:50:16',1,3,2),(286,'',100,2,'','2016-12-09 12:57:55',-1,0,2),(287,'000',200,100,'RANDOM','2016-12-09 13:21:28',-1,3,1),(288,'0000',200,100,'RANDOM','2016-12-09 13:25:41',1,3,1),(289,'000',200,100,'LY','2016-12-09 14:22:21',1,3,1),(290,'000',100,213,'','2016-12-09 14:26:34',1,3,3),(291,'',200,100,'','2016-12-09 14:29:10',-1,3,1),(292,'000',200,100,'BB2','2016-12-09 14:32:09',1,3,1),(293,'000',200,100,'bb2','2016-12-09 19:25:34',1,3,1),(294,'000',100,241,'','2016-12-09 19:28:20',1,3,3),(295,'0000',100,241,'','2016-12-09 19:29:41',-1,3,3),(296,'0000',100,240,'','2016-12-09 19:30:58',1,3,3),(297,'',100,2,'','2016-12-09 20:46:08',-1,3,2),(298,'000',100,233,'','2016-12-09 20:46:16',1,3,2),(299,'000',200,100,'SET','2016-12-09 20:56:48',1,3,1),(300,'000',200,100,'SET2','2016-12-09 21:12:49',1,3,1),(301,'0000',233,100,'','2016-12-09 21:30:00',1,3,4),(302,'0000',100,242,'','2016-12-12 12:07:41',1,3,3),(303,'000',200,100,'ANGEL','2016-12-12 12:19:41',1,3,1),(304,'000',200,100,'ANGEL 2','2016-12-12 12:31:29',1,3,1),(305,'',100,2,'','2016-12-12 12:34:37',-1,3,3),(306,'0',209,100,'','2016-12-12 12:42:51',1,3,4),(307,'0000',200,100,'GIA CERTIFICATE','2016-12-12 12:57:59',1,3,1),(308,'000',200,100,'RUBYCHUA1','2016-12-12 13:13:04',1,3,1),(309,'',100,2,'','2016-12-12 13:19:50',-1,3,3),(310,'000',100,235,'','2016-12-12 13:20:04',1,3,2),(311,'OOO',200,100,'JOY','2016-12-12 16:28:36',-1,3,1),(312,'000',200,100,'JOY','2016-12-12 16:30:09',1,3,1),(313,'000',100,207,'','2016-12-12 16:58:24',1,3,3),(314,'000',100,205,'','2016-12-12 17:03:48',1,3,3),(315,'000',200,100,'MARGA','2016-12-12 18:15:47',1,3,1),(316,'000',100,220,'','2016-12-12 18:16:49',1,3,3),(317,'000',200,100,'sheira','2016-12-13 11:38:47',1,3,1),(318,'',100,2,'','2016-12-13 11:43:45',-1,3,3),(319,'000',100,243,'LEFT 1 WG RING FOR RESIZE TO 5, GIVEN 1 YG SCREW','2016-12-13 11:44:21',1,3,3),(320,'00',200,100,'SHEIRA 2','2016-12-13 11:50:09',1,3,1),(321,'000',215,100,'','2016-12-14 12:27:20',1,3,4),(322,'0',229,100,'','2016-12-14 12:28:28',1,3,4),(323,'000',200,100,'g & r','2016-12-14 12:43:03',1,3,1),(324,'',200,100,'','2016-12-14 13:06:22',-1,3,1),(325,'000',100,207,'','2016-12-14 13:06:36',1,3,3),(326,'000',100,244,'','2016-12-14 13:08:41',1,3,3),(327,'0',100,215,'REPAIR FREE','2016-12-14 13:15:28',1,3,3),(328,'000',100,235,'','2016-12-14 13:16:17',-1,3,3),(329,'00',200,100,'ROWENA','2016-12-14 14:02:55',1,3,1),(330,'0000',100,235,'','2016-12-14 14:31:06',1,3,3),(331,'00',200,100,'RUBY','2016-12-14 14:43:19',2,3,1),(332,'000',200,100,'STONE','2016-12-14 14:47:27',1,3,1),(333,'',100,2,'','2016-12-14 14:48:50',-1,3,3),(334,'000',100,245,'','2016-12-14 14:49:23',-1,3,3),(335,'000',100,245,'','2016-12-14 14:51:18',1,3,3),(336,'000',200,100,'random','2016-12-14 20:01:28',1,3,1),(337,'000',100,233,'','2016-12-14 20:23:20',-1,3,3),(338,'000',100,216,'','2016-12-14 20:28:04',1,3,3),(339,'',100,2,'','2016-12-14 20:30:43',-1,3,3),(340,'00',100,246,'','2016-12-14 20:31:53',-1,3,3),(341,'00',100,247,'','2016-12-14 20:33:29',1,3,3),(342,'000',100,222,'','2016-12-14 20:34:28',1,3,3),(343,'',100,2,'','2016-12-14 20:36:21',-1,3,3),(344,'000',200,100,'RANDOM 2','2016-12-14 20:36:32',1,3,1),(345,'000',100,246,'','2016-12-14 20:40:23',1,3,3),(346,'000',100,248,'','2016-12-14 20:41:04',1,3,3),(347,'000',100,240,'186K LESS RETURNED 150K = 36K REMAINING BALANCE','2016-12-14 20:42:34',1,3,3),(348,'0000',200,100,'R','2016-12-14 20:43:11',1,3,1),(349,'00',100,2,'','2016-12-14 20:54:47',-1,3,3),(350,'00',100,233,'','2016-12-14 20:57:47',1,3,3),(351,'',200,100,'','2016-12-14 21:06:27',-1,3,1),(352,'00',249,100,'','2016-12-14 21:06:58',-1,3,4),(353,'000',100,250,'','2016-12-14 21:07:51',1,3,3),(354,'00',200,100,'M','2016-12-14 21:10:14',1,3,1),(355,'000',100,220,'','2016-12-14 21:14:24',-1,3,3),(356,'000',100,220,'','2016-12-14 21:24:10',1,3,3),(357,'00',200,100,'RANDOM3','2016-12-16 09:47:24',1,3,1),(358,'0',100,217,'','2016-12-16 09:53:37',1,3,3),(359,'00',100,251,'','2016-12-16 09:55:25',1,3,3),(360,'000',100,235,'','2016-12-16 09:56:30',1,3,3),(361,'o00',200,100,'janet','2016-12-16 10:40:31',1,3,1),(362,'000',100,252,'','2016-12-16 10:42:08',1,3,3),(363,'',200,100,'','2016-12-20 21:27:50',-1,0,1),(364,'00',100,236,'','2016-12-20 21:31:53',1,3,3),(365,'00',200,100,'he1','2016-12-23 13:44:49',1,3,1),(366,'00',100,205,'04/19/16','2016-12-23 13:49:52',1,3,3),(367,'',100,2,'','2016-12-23 13:54:39',-1,3,3),(368,'00',200,100,'HE2','2016-12-23 13:54:45',1,3,1),(369,'00',100,205,'6/15/16 DEPOSITED 400K REMAINING BALANCE IS 40K','2016-12-23 13:55:37',1,3,3),(370,'00',100,205,'07/01/16','2016-12-23 13:57:48',1,3,3),(371,'00',200,100,'HE3','2016-12-23 13:58:20',1,3,1),(372,'00',200,100,'HE4','2016-12-23 14:02:27',1,3,1),(373,'00',100,205,'07/4/16','2016-12-23 14:03:59',1,3,3),(374,'00',200,100,'HE5','2016-12-23 14:06:36',1,3,1),(375,'00',100,205,'07/20/16','2016-12-23 14:08:35',1,3,3),(376,'000',200,100,'he6','2016-12-23 14:11:25',1,3,1),(377,'00',100,205,'7/28/16','2016-12-23 14:15:31',1,3,3),(378,'000',200,100,'he7','2016-12-23 14:32:24',1,3,1),(379,'00',100,205,'08/13/16','2016-12-23 14:37:52',1,3,3),(380,'00',200,100,'HE8','2016-12-23 14:40:48',1,3,1),(381,'000',100,205,'10/14/16','2016-12-23 14:48:00',1,3,3),(382,'000',200,100,'he9','2016-12-23 14:50:50',1,3,1),(383,'000',100,205,'','2016-12-23 14:53:40',1,3,3);
/*!40000 ALTER TABLE `transaction` ENABLE KEYS */;
UNLOCK TABLES;
/*!40103 SET TIME_ZONE=@OLD_TIME_ZONE */;

/*!40101 SET SQL_MODE=@OLD_SQL_MODE */;
/*!40014 SET FOREIGN_KEY_CHECKS=@OLD_FOREIGN_KEY_CHECKS */;
/*!40014 SET UNIQUE_CHECKS=@OLD_UNIQUE_CHECKS */;
/*!40101 SET CHARACTER_SET_CLIENT=@OLD_CHARACTER_SET_CLIENT */;
/*!40101 SET CHARACTER_SET_RESULTS=@OLD_CHARACTER_SET_RESULTS */;
/*!40101 SET COLLATION_CONNECTION=@OLD_COLLATION_CONNECTION */;
/*!40111 SET SQL_NOTES=@OLD_SQL_NOTES */;

-- Dump completed on 2017-01-29 14:57:10
